Resource,Zone,New_Build,Can_Retire,Existing_Cap_MW,region,technology,cluster,Cap_Size,minimum_load_mw,Heat_Rate_MMBTU_per_MWh,Fixed_OM_Cost_per_MWyr,heat_rate_mmbtu_mwh_iqr,heat_rate_mmbtu_mwh_std,num_units,capacity_factor,unmodified_cap_size,unmodified_existing_cap_mw,Num_VRE_Bins,cost_case,tech_detail,basis_year,capex_mw,Inv_Cost_per_MWyr,Max_Cap_MW,regional_cost_multiplier,area,lcoe,interconnect_annuity,interconnect_capex_mw,m_popden,plant_inv_cost_mwyr,variable_CF,Unnamed: 21,MGA,Resource_Type
NENG_Rest_offshore_wind_turbine_1,1,0,1,29.3,NENG_Rest,Offshore Wind Turbine,1,29.3,0.1,8.84,111496,0.0,0.0,1.0,0.458,29.3,29.3,0,0,0,0.0,0.0,0,0.0,0.0,0.0,0.0,0.0,0.0,0.0,0.0,0.0,-1.0,1,Offshore_Wind_Turbine_1
NENG_Rest_onshore_wind_turbine_1,1,0,1,1369.2,NENG_Rest,Onshore Wind Turbine,1,20.74,0.308,8.84,43000,0.001,0.154,66.0,0.293,20.745,1369.17,1,0,0,0.0,0.0,0,0.0,0.0,0.0,0.0,0.0,0.0,0.0,0.0,0.1990201668742494,-1.0,1,Onshore_Wind_Turbine_1
NENG_Rest_solar_photovoltaic_1,1,0,1,627.3,NENG_Rest,Solar Photovoltaic,1,2.42,0.0,8.84,22623,0.367,0.176,259.0,0.193,2.422,627.298,1,0,0,0.0,0.0,0,0.0,0.0,0.0,0.0,0.0,0.0,0.0,0.0,0.1786188353492384,-1.0,1,Solar_Photovoltaic_1
NY_Z_A_onshore_wind_turbine_1,2,0,1,135.5,NY_Z_A,Onshore Wind Turbine,1,45.17,0.0,8.84,43000,0.367,0.196,3.0,0.232,45.167,135.501,1,0,0,0.0,0.0,0,0.0,0.0,0.0,0.0,0.0,0.0,0.0,0.0,0.2259139344262295,-1.0,1,Onshore_Wind_Turbine_1
NY_Z_A_solar_photovoltaic_1,2,0,1,3.5,NY_Z_A,Solar Photovoltaic,1,1.75,1.0,8.84,22623,0.0,0.08,2.0,0.141,1.75,3.5,1,0,0,0.0,0.0,0,0.0,0.0,0.0,0.0,0.0,0.0,0.0,0.0,0.1782340619307832,-1.0,1,Solar_Photovoltaic_1
NY_Z_B_onshore_wind_turbine_1,3,0,1,0.0,NY_Z_B,Onshore Wind Turbine,1,1.0,0.0,9.21,43000,0.0,0.0,0.0,0.032,0.0,0.0,1,0,0,0.0,0.0,0,0.0,0.0,0.0,0.0,0.0,0.0,0.0,0.0,0.2024787795992714,-1.0,1,Onshore_Wind_Turbine_1
NY_Z_B_solar_photovoltaic_1,3,0,1,2.0,NY_Z_B,Solar Photovoltaic,1,2.0,0.0,8.84,22623,0.0,0.05,1.0,0.159,2.0,2.0,1,0,0,0.0,0.0,0,0.0,0.0,0.0,0.0,0.0,0.0,0.0,0.0,0.1811545423497267,-1.0,1,Solar_Photovoltaic_1
NY_Z_C&E_onshore_wind_turbine_1,4,0,1,1011.1,NY_Z_C&E,Onshore Wind Turbine,1,53.22,0.205,8.84,43000,0.367,0.182,19.0,0.255,53.216,1011.104,1,0,0,0.0,0.0,0,0.0,0.0,0.0,0.0,0.0,0.0,0.0,0.0,0.2201655396174863,-1.0,1,Onshore_Wind_Turbine_1
NY_Z_C&E_solar_photovoltaic_1,4,0,1,42.6,NY_Z_C&E,Solar Photovoltaic,1,1.85,0.0,8.84,22623,0.0,0.14,23.0,0.099,1.852,42.596,1,0,0,0.0,0.0,0,0.0,0.0,0.0,0.0,0.0,0.0,0.0,0.0,0.1774873861566484,-1.0,1,Solar_Photovoltaic_1
NY_Z_D_onshore_wind_turbine_1,5,0,1,678.5,NY_Z_D,Onshore Wind Turbine,1,113.08,0.417,8.84,43000,0.0,0.0,6.0,0.236,113.083,678.498,1,0,0,0.0,0.0,0,0.0,0.0,0.0,0.0,0.0,0.0,0.0,0.0,0.2272670765027322,-1.0,1,Onshore_Wind_Turbine_1
NY_Z_D_solar_photovoltaic_1,5,0,1,2.0,NY_Z_D,Solar Photovoltaic,1,2.0,0.0,8.84,22623,0.0,0.075,1.0,0.097,2.0,2.0,1,0,0,0.0,0.0,0,0.0,0.0,0.0,0.0,0.0,0.0,0.0,0.0,0.1686461293260473,-1.0,1,Solar_Photovoltaic_1
NY_Z_F_solar_photovoltaic_1,6,0,1,9.1,NY_Z_F,Solar Photovoltaic,1,1.52,0.0,8.84,22623,0.0,0.097,6.0,0.117,1.517,9.102,1,0,0,0.0,0.0,0,0.0,0.0,0.0,0.0,0.0,0.0,0.0,0.0,0.1818715163934426,-1.0,1,Solar_Photovoltaic_1
NY_Z_G-I_solar_photovoltaic_1,7,0,1,6.9,NY_Z_G-I,Solar Photovoltaic,1,1.38,0.0,8.84,22623,0.0,0.086,5.0,0.086,1.38,6.9,1,0,0,0.0,0.0,0,0.0,0.0,0.0,0.0,0.0,0.0,0.0,0.0,0.1775227686703096,-1.0,1,Solar_Photovoltaic_1
PJM_EMAC_solar_photovoltaic_1,10,0,1,856.1,PJM_EMAC,Solar Photovoltaic,1,3.52,0.032,8.84,22623,0.367,0.18,243.0,0.198,3.523,856.089,1,0,0,0.0,0.0,0,0.0,0.0,0.0,0.0,0.0,0.0,0.0,0.0,0.1797631147540983,-1.0,1,Solar_Photovoltaic_1
PJM_Rest_onshore_wind_turbine_1,11,0,1,7080.5,PJM_Rest,Onshore Wind Turbine,1,79.56,9.54,8.84,43000,0.367,0.174,89.0,0.266,79.556,7080.484,1,0,0,0.0,0.0,0,0.0,0.0,0.0,0.0,0.0,0.0,0.0,0.0,0.2416814937791765,-1.0,1,Onshore_Wind_Turbine_1
PJM_Rest_solar_photovoltaic_1,11,0,1,776.2,PJM_Rest,Solar Photovoltaic,1,6.47,0.0,8.84,22623,0.0,0.159,120.0,0.182,6.468,776.16,1,0,0,0.0,0.0,0,0.0,0.0,0.0,0.0,0.0,0.0,0.0,0.0,0.2040867135867904,-1.0,1,Solar_Photovoltaic_1
NENG_Rest_offshorewind_class3_advanced_fixed_1_0,1,1,1,0.0,NENG_Rest,OffShoreWind_Class3_Advanced_fixed_1,0,1.0,0.0,0.0,95785,0.0,0.0,0.0,0.0,0.0,0.0,1,Advanced,Class3,2026.5,2889578.864,275245,2935.5,1.0,587.098,71.878,59686.851,1032062.66,0.0,215559.0,0.4874893426895141,-1.0,1,OffShoreWind_Class3_Advanced_fixed_1_0
NENG_Rest_offshorewind_class3_advanced_fixed_1_1,1,1,1,0.0,NENG_Rest,OffShoreWind_Class3_Advanced_fixed_1,1,1.0,0.0,0.0,95785,0.0,0.0,0.0,0.0,0.0,0.0,1,Advanced,Class3,2026.5,2889578.864,284678,1275.3,1.0,255.064,72.923,69119.088,1195158.214,0.0,215559.0,0.4926479458808899,-1.0,1,OffShoreWind_Class3_Advanced_fixed_1_1
NENG_Rest_offshorewind_class3_advanced_fixed_1_2,1,1,1,0.0,NENG_Rest,OffShoreWind_Class3_Advanced_fixed_1,2,1.0,0.0,0.0,95785,0.0,0.0,0.0,0.0,0.0,0.0,1,Advanced,Class3,2026.5,2889578.864,283386,2328.7,1.0,465.737,73.074,67827.451,1172824.178,0.0,215559.0,0.4899854063987732,-1.0,1,OffShoreWind_Class3_Advanced_fixed_1_2
NENG_Rest_offshorewind_class3_advanced_fixed_1_3,1,1,1,0.0,NENG_Rest,OffShoreWind_Class3_Advanced_fixed_1,3,1.0,0.0,0.0,95785,0.0,0.0,0.0,0.0,0.0,0.0,1,Advanced,Class3,2026.5,2889578.864,285493,1797.0,1.0,359.397,73.086,69934.469,1209257.205,0.0,215559.0,0.4925932884216308,-1.0,1,OffShoreWind_Class3_Advanced_fixed_1_3
NENG_Rest_offshorewind_class3_advanced_fixed_1_4,1,1,1,0.0,NENG_Rest,OffShoreWind_Class3_Advanced_fixed_1,4,1.0,0.0,0.0,95785,0.0,0.0,0.0,0.0,0.0,0.0,1,Advanced,Class3,2026.5,2889578.864,285093,2679.5,1.0,535.892,74.594,69534.361,1202338.842,0.0,215559.0,0.4824087619781494,-1.0,1,OffShoreWind_Class3_Advanced_fixed_1_4
NENG_Rest_offshorewind_class3_advanced_fixed_1_5,1,1,1,0.0,NENG_Rest,OffShoreWind_Class3_Advanced_fixed_1,5,1.0,0.0,0.0,95785,0.0,0.0,0.0,0.0,0.0,0.0,1,Advanced,Class3,2026.5,2889578.864,314633,1406.3,1.0,281.988,87.152,99074.903,1713132.904,0.0,215559.0,0.4457520842552185,-1.0,1,OffShoreWind_Class3_Advanced_fixed_1_5
NENG_Rest_offshorewind_class3_advanced_fixed_0_0,1,1,1,0.0,NENG_Rest,OffShoreWind_Class3_Advanced_fixed_0,0,1.0,0.0,0.0,95785,0.0,0.0,0.0,0.0,0.0,0.0,1,Advanced,Class3,2026.5,2889578.864,287831,803.8,1.0,160.75,72.777,72272.209,1249679.763,0.0,215559.0,0.4975501298904419,-1.0,1,OffShoreWind_Class3_Advanced_fixed_0_0
NENG_Rest_offshorewind_class3_advanced_fixed_0_1,1,1,1,0.0,NENG_Rest,OffShoreWind_Class3_Advanced_fixed_0,1,1.0,0.0,0.0,95785,0.0,0.0,0.0,0.0,0.0,0.0,1,Advanced,Class3,2026.5,2889578.864,284794,1055.0,1.0,211.0,73.026,69235.886,1197177.797,0.0,215559.0,0.4920410215854645,-1.0,1,OffShoreWind_Class3_Advanced_fixed_0_1
NENG_Rest_offshorewind_class3_advanced_fixed_0_2,1,1,1,0.0,NENG_Rest,OffShoreWind_Class3_Advanced_fixed_0,2,1.0,0.0,0.0,95785,0.0,0.0,0.0,0.0,0.0,0.0,1,Advanced,Class3,2026.5,2889578.864,288338,1500.0,1.0,300.0,73.275,72779.291,1258447.863,0.0,215559.0,0.4949346482753753,-1.0,1,OffShoreWind_Class3_Advanced_fixed_0_2
NENG_Rest_offshorewind_class3_advanced_fixed_0_3,1,1,1,0.0,NENG_Rest,OffShoreWind_Class3_Advanced_fixed_0,3,1.0,0.0,0.0,95785,0.0,0.0,0.0,0.0,0.0,0.0,1,Advanced,Class3,2026.5,2889578.864,285110,271.2,1.0,54.25,73.368,69551.857,1202641.313,0.0,215559.0,0.4899493157863617,-1.0,1,OffShoreWind_Class3_Advanced_fixed_0_3
NENG_Rest_offshorewind_class3_advanced_fixed_0_4,1,1,1,0.0,NENG_Rest,OffShoreWind_Class3_Advanced_fixed_0,4,1.0,0.0,0.0,95785,0.0,0.0,0.0,0.0,0.0,0.0,1,Advanced,Class3,2026.5,2889578.864,290754,220.0,1.0,44.0,74.738,75195.873,1300233.664,0.0,215559.0,0.488606721162796,-1.0,1,OffShoreWind_Class3_Advanced_fixed_0_4
NENG_Rest_offshorewind_class3_advanced_fixed_0_5,1,1,1,0.0,NENG_Rest,OffShoreWind_Class3_Advanced_fixed_0,5,1.0,0.0,0.0,95785,0.0,0.0,0.0,0.0,0.0,0.0,1,Advanced,Class3,2026.5,2889578.864,309964,1542.7,1.0,362.75,84.333,94405.13,1632386.557,0.0,215559.0,0.4553998410701751,-1.0,1,OffShoreWind_Class3_Advanced_fixed_0_5
NENG_Rest_offshorewind_class12_advanced_floating_0_0,1,1,1,0.0,NENG_Rest,OffShoreWind_Class12_Advanced_floating_0,0,1.0,0.0,0.0,79082,0.0,0.0,0.0,0.0,0.0,0.0,1,Advanced,Class12,2026.5,4601178.992,403321,29320.0,1.0,3665.0,84.449,60078.152,1038828.771,0.0,343243.0,0.4917838871479034,-1.0,1,OffShoreWind_Class12_Advanced_floating_0_0
NENG_Rest_offshorewind_class12_advanced_floating_0_1,1,1,1,0.0,NENG_Rest,OffShoreWind_Class12_Advanced_floating_0,1,1.0,0.0,0.0,79082,0.0,0.0,0.0,0.0,0.0,0.0,1,Advanced,Class12,2026.5,4601178.992,421721,17500.0,1.0,2187.5,85.543,78478.319,1356991.397,0.0,343243.0,0.5059514045715332,-1.0,1,OffShoreWind_Class12_Advanced_floating_0_1
NENG_Rest_offshorewind_class12_advanced_floating_0_2,1,1,1,0.0,NENG_Rest,OffShoreWind_Class12_Advanced_floating_0,2,1.0,0.0,0.0,79082,0.0,0.0,0.0,0.0,0.0,0.0,1,Advanced,Class12,2026.5,4601178.992,414931,34636.0,1.0,4329.5,87.135,71688.516,1239586.934,0.0,343243.0,0.4892056584358215,-1.0,1,OffShoreWind_Class12_Advanced_floating_0_2
NENG_Rest_offshorewind_class12_advanced_floating_0_3,1,1,1,0.0,NENG_Rest,OffShoreWind_Class12_Advanced_floating_0,3,1.0,0.0,0.0,79082,0.0,0.0,0.0,0.0,0.0,0.0,1,Advanced,Class12,2026.5,4601178.992,421412,12236.0,1.0,1529.5,87.657,78169.115,1351644.868,0.0,343243.0,0.493509829044342,-1.0,1,OffShoreWind_Class12_Advanced_floating_0_3
NENG_Rest_offshorewind_class12_advanced_floating_0_4,1,1,1,0.0,NENG_Rest,OffShoreWind_Class12_Advanced_floating_0,4,1.0,0.0,0.0,79082,0.0,0.0,0.0,0.0,0.0,0.0,1,Advanced,Class12,2026.5,4601178.992,413125,21032.0,1.0,2629.0,89.751,69882.239,1208354.089,0.0,343243.0,0.473261147737503,-1.0,1,OffShoreWind_Class12_Advanced_floating_0_4
NENG_Rest_offshorewind_class12_advanced_floating_0_5,1,1,1,0.0,NENG_Rest,OffShoreWind_Class12_Advanced_floating_0,5,1.0,0.0,0.0,79082,0.0,0.0,0.0,0.0,0.0,0.0,1,Advanced,Class12,2026.5,4601178.992,426532,25655.2,1.0,3218.5,90.743,83289.675,1440185.951,0.0,343243.0,0.4826726913452148,-1.0,1,OffShoreWind_Class12_Advanced_floating_0_5
NENG_Rest_offshorewind_class12_advanced_floating_1_0,1,1,1,0.0,NENG_Rest,OffShoreWind_Class12_Advanced_floating_1,0,1.0,0.0,0.0,79082,0.0,0.0,0.0,0.0,0.0,0.0,1,Advanced,Class12,2026.5,4601178.992,422179,5034.2,1.0,629.278,88.015,78936.343,1364911.212,0.0,343243.0,0.4923853278160095,-1.0,1,OffShoreWind_Class12_Advanced_floating_1_0
NENG_Rest_offshorewind_class12_advanced_floating_1_1,1,1,1,0.0,NENG_Rest,OffShoreWind_Class12_Advanced_floating_1,1,1.0,0.0,0.0,79082,0.0,0.0,0.0,0.0,0.0,0.0,1,Advanced,Class12,2026.5,4601178.992,412779,1523.1,1.0,190.391,86.708,69536.706,1202379.403,0.0,343243.0,0.4896314740180969,-1.0,1,OffShoreWind_Class12_Advanced_floating_1_1
NENG_Rest_offshorewind_class12_advanced_floating_1_2,1,1,1,0.0,NENG_Rest,OffShoreWind_Class12_Advanced_floating_1,2,1.0,0.0,0.0,79082,0.0,0.0,0.0,0.0,0.0,0.0,1,Advanced,Class12,2026.5,4601178.992,423269,3630.6,1.0,453.829,88.207,80026.422,1383760.106,0.0,343243.0,0.4925097525119781,-1.0,1,OffShoreWind_Class12_Advanced_floating_1_2
NENG_Rest_offshorewind_class12_advanced_floating_1_3,1,1,1,0.0,NENG_Rest,OffShoreWind_Class12_Advanced_floating_1,3,1.0,0.0,0.0,79082,0.0,0.0,0.0,0.0,0.0,0.0,1,Advanced,Class12,2026.5,4601178.992,422099,2791.0,1.0,348.871,88.281,78856.361,1363528.227,0.0,343243.0,0.4908937513828277,-1.0,1,OffShoreWind_Class12_Advanced_floating_1_3
NENG_Rest_offshorewind_class12_advanced_floating_1_4,1,1,1,0.0,NENG_Rest,OffShoreWind_Class12_Advanced_floating_1,4,1.0,0.0,0.0,79082,0.0,0.0,0.0,0.0,0.0,0.0,1,Advanced,Class12,2026.5,4601178.992,422560,5766.0,1.0,720.75,90.984,79317.747,1371506.195,0.0,343243.0,0.4768570065498352,-1.0,1,OffShoreWind_Class12_Advanced_floating_1_4
NENG_Rest_offshorewind_class12_advanced_floating_1_5,1,1,1,0.0,NENG_Rest,OffShoreWind_Class12_Advanced_floating_1,5,1.0,0.0,0.0,79082,0.0,0.0,0.0,0.0,0.0,0.0,1,Advanced,Class12,2026.5,4601178.992,423760,615.5,1.0,76.943,88.605,80517.364,1392249.096,0.0,343243.0,0.4909538030624389,-1.0,1,OffShoreWind_Class12_Advanced_floating_1_5
NENG_Rest_landbasedwind_class1_advanced_1,1,1,1,0.0,NENG_Rest,LandbasedWind_Class1_Advanced_,1,1.0,0.0,0.0,42287,0.0,0.0,0.0,0.0,0.0,0.0,1,Advanced,Class1,2026.5,1095229.563,124315,3763.0,1.266,4867.5,42.184,30020.394,519091.345,0.999,94295.0,0.4558670818805694,-1.0,1,LandbasedWind_Class1_Advanced__1
NENG_Rest_landbasedwind_class1_advanced_2,1,1,1,0.0,NENG_Rest,LandbasedWind_Class1_Advanced_,2,1.0,0.0,0.0,42287,0.0,0.0,0.0,0.0,0.0,0.0,1,Advanced,Class1,2026.5,1095229.563,129034,6585.4,1.266,5047.75,37.829,34739.13,600684.382,0.275,94295.0,0.5224632024765015,-1.0,1,LandbasedWind_Class1_Advanced__2
NENG_Rest_landbasedwind_class1_advanced_3,1,1,1,0.0,NENG_Rest,LandbasedWind_Class1_Advanced_,3,1.0,0.0,0.0,42287,0.0,0.0,0.0,0.0,0.0,0.0,1,Advanced,Class1,2026.5,1095229.563,126381,3939.4,1.266,5477.5,48.315,32086.07,554809.547,1.065,94295.0,0.4020571112632751,-1.0,1,LandbasedWind_Class1_Advanced__3
NENG_Rest_landbasedwind_class1_advanced_4,1,1,1,0.0,NENG_Rest,LandbasedWind_Class1_Advanced_,4,1.0,0.0,0.0,42287,0.0,0.0,0.0,0.0,0.0,0.0,1,Advanced,Class1,2026.5,1095229.563,142126,6464.8,1.266,5906.75,46.425,47831.108,827061.587,0.483,94295.0,0.4507000744342804,-1.0,1,LandbasedWind_Class1_Advanced__4
NENG_Rest_landbasedwind_class1_advanced_5,1,1,1,0.0,NENG_Rest,LandbasedWind_Class1_Advanced_,5,1.0,0.0,0.0,42287,0.0,0.0,0.0,0.0,0.0,0.0,1,Advanced,Class1,2026.5,1095229.563,125664,4056.4,1.266,8443.0,62.927,31369.779,542423.952,1.888,94295.0,0.3091396987438202,-1.0,1,LandbasedWind_Class1_Advanced__5
NENG_Rest_landbasedwind_class1_advanced_6,1,1,1,0.0,NENG_Rest,LandbasedWind_Class1_Advanced_,6,1.0,0.0,0.0,42287,0.0,0.0,0.0,0.0,0.0,0.0,1,Advanced,Class1,2026.5,1095229.563,135799,6229.9,1.266,8327.25,54.108,41504.972,678454.995,1.059,94295.0,0.3752236068248749,-1.0,1,LandbasedWind_Class1_Advanced__6
NENG_Rest_utilitypv_class1_advanced_1,1,1,1,0.0,NENG_Rest,UtilityPV_Class1_Advanced_,1,1.0,0.0,0.0,18151,0.0,0.0,0.0,0.0,0.0,0.0,1,Advanced,Class1,2026.5,940580.397,81040,73633.6,1.017,13869.614,36.376,19957.632,345093.205,5.512,61083.0,0.2446891665458679,-1.0,1,UtilityPV_Class1_Advanced__1
NENG_Rest_utilitypv_class1_advanced_2,1,1,1,0.0,NENG_Rest,UtilityPV_Class1_Advanced_,2,1.0,0.0,0.0,18151,0.0,0.0,0.0,0.0,0.0,0.0,1,Advanced,Class1,2026.5,940580.397,75607,47173.7,1.017,12679.629,33.894,14524.969,251155.452,9.789,61083.0,0.2477672100067138,-1.0,1,UtilityPV_Class1_Advanced__2
NENG_Rest_utilitypv_class1_advanced_3,1,1,1,0.0,NENG_Rest,UtilityPV_Class1_Advanced_,3,1.0,0.0,0.0,18151,0.0,0.0,0.0,0.0,0.0,0.0,1,Advanced,Class1,2026.5,940580.397,93816,64430.3,1.017,8644.481,41.659,32733.748,566008.728,2.321,61083.0,0.2417934983968734,-1.0,1,UtilityPV_Class1_Advanced__3
NENG_Rest_utilitypv_class1_advanced_4,1,1,1,0.0,NENG_Rest,UtilityPV_Class1_Advanced_,4,1.0,0.0,0.0,18151,0.0,0.0,0.0,0.0,0.0,0.0,1,Advanced,Class1,2026.5,940580.397,94062,56390.7,1.017,8020.511,41.134,32979.35,570255.519,2.878,61083.0,0.2452318370342254,-1.0,1,UtilityPV_Class1_Advanced__4
NENG_Rest_utilitypv_class1_advanced_5,1,1,1,0.0,NENG_Rest,UtilityPV_Class1_Advanced_,5,1.0,0.0,0.0,18151,0.0,0.0,0.0,0.0,0.0,0.0,1,Advanced,Class1,2026.5,940580.397,104182,64594.2,1.017,7652.636,45.956,43099.229,745241.281,0.976,61083.0,0.2398772239685058,-1.0,1,UtilityPV_Class1_Advanced__5
NENG_Rest_utilitypv_class1_advanced_6,1,1,1,0.0,NENG_Rest,UtilityPV_Class1_Advanced_,6,1.0,0.0,0.0,18151,0.0,0.0,0.0,0.0,0.0,0.0,1,Advanced,Class1,2026.5,940580.397,103871,56147.7,1.017,7970.816,45.113,42788.038,739860.4,3.139,61083.0,0.2434391379356384,-1.0,1,UtilityPV_Class1_Advanced__6
NY_Z_A_landbasedwind_class1_advanced_1,2,1,1,0.0,NY_Z_A,LandbasedWind_Class1_Advanced_,1,1.0,0.0,0.0,42287,0.0,0.0,0.0,0.0,0.0,0.0,1,Advanced,Class1,2026.5,1095229.563,140541,812.1,1.544,1209.0,37.136,25524.38,441349.462,1.397,115017.0,0.4290089309215545,-1.0,1,LandbasedWind_Class1_Advanced__1
NY_Z_A_landbasedwind_class1_advanced_2,2,1,1,0.0,NY_Z_A,LandbasedWind_Class1_Advanced_,2,1.0,0.0,0.0,42287,0.0,0.0,0.0,0.0,0.0,0.0,1,Advanced,Class1,2026.5,1095229.563,141100,1104.0,1.544,1265.5,35.3,26083.602,451019.134,0.831,115017.0,0.4805134832859039,-1.0,1,LandbasedWind_Class1_Advanced__2
NY_Z_A_landbasedwind_class1_advanced_3,2,1,1,0.0,NY_Z_A,LandbasedWind_Class1_Advanced_,3,1.0,0.0,0.0,42287,0.0,0.0,0.0,0.0,0.0,0.0,1,Advanced,Class1,2026.5,1095229.563,142144,1013.5,1.544,1723.5,42.739,27127.861,469075.726,1.347,115017.0,0.4038195610046386,-1.0,1,LandbasedWind_Class1_Advanced__3
NY_Z_A_landbasedwind_class1_advanced_4,2,1,1,0.0,NY_Z_A,LandbasedWind_Class1_Advanced_,4,1.0,0.0,0.0,42287,0.0,0.0,0.0,0.0,0.0,0.0,1,Advanced,Class1,2026.5,1095229.563,140061,877.6,1.544,1506.0,42.556,25044.372,433049.498,1.66,115017.0,0.4681551456451416,-1.0,1,LandbasedWind_Class1_Advanced__4
NY_Z_A_landbasedwind_class1_advanced_5,2,1,1,0.0,NY_Z_A,LandbasedWind_Class1_Advanced_,5,1.0,0.0,0.0,42287,0.0,0.0,0.0,0.0,0.0,0.0,1,Advanced,Class1,2026.5,1095229.563,142238,936.5,1.544,2130.75,57.846,27221.287,470691.178,2.267,115017.0,0.3318537771701813,-1.0,1,LandbasedWind_Class1_Advanced__5
NY_Z_A_landbasedwind_class1_advanced_6,2,1,1,0.0,NY_Z_A,LandbasedWind_Class1_Advanced_,6,1.0,0.0,0.0,42287,0.0,0.0,0.0,0.0,0.0,0.0,1,Advanced,Class1,2026.5,1095229.563,138738,956.8,1.544,2043.5,48.0,23721.966,410183.418,2.099,115017.0,0.412934809923172,-1.0,1,LandbasedWind_Class1_Advanced__6
NY_Z_A_utilitypv_class1_advanced_1,2,1,1,0.0,NY_Z_A,UtilityPV_Class1_Advanced_,1,1.0,0.0,0.0,18151,0.0,0.0,0.0,0.0,0.0,0.0,1,Advanced,Class1,2026.5,940580.397,71554,20053.6,1.008,3679.183,33.469,11057.758,191202.913,5.883,60497.0,0.2395732104778289,-1.0,1,UtilityPV_Class1_Advanced__1
NY_Z_A_utilitypv_class1_advanced_2,2,1,1,0.0,NY_Z_A,UtilityPV_Class1_Advanced_,2,1.0,0.0,0.0,18151,0.0,0.0,0.0,0.0,0.0,0.0,1,Advanced,Class1,2026.5,940580.397,68109,11711.3,1.008,3032.808,31.773,7612.57,131631.152,9.242,60497.0,0.2424892038106918,-1.0,1,UtilityPV_Class1_Advanced__2
NY_Z_A_utilitypv_class1_advanced_3,2,1,1,0.0,NY_Z_A,UtilityPV_Class1_Advanced_,3,1.0,0.0,0.0,18151,0.0,0.0,0.0,0.0,0.0,0.0,1,Advanced,Class1,2026.5,940580.397,78490,14912.2,1.008,2228.591,35.777,17993.09,311123.742,4.137,60497.0,0.240575760602951,-1.0,1,UtilityPV_Class1_Advanced__3
NY_Z_A_utilitypv_class1_advanced_4,2,1,1,0.0,NY_Z_A,UtilityPV_Class1_Advanced_,4,1.0,0.0,0.0,18151,0.0,0.0,0.0,0.0,0.0,0.0,1,Advanced,Class1,2026.5,940580.397,83781,16833.7,1.008,2165.596,37.024,23284.444,402618.075,2.307,60497.0,0.2427534610033035,-1.0,1,UtilityPV_Class1_Advanced__4
NY_Z_A_utilitypv_class1_advanced_5,2,1,1,0.0,NY_Z_A,UtilityPV_Class1_Advanced_,5,1.0,0.0,0.0,18151,0.0,0.0,0.0,0.0,0.0,0.0,1,Advanced,Class1,2026.5,940580.397,90941,14974.0,1.008,2069.297,40.902,30444.186,526419.254,2.68,60497.0,0.2418001443147659,-1.0,1,UtilityPV_Class1_Advanced__5
NY_Z_A_utilitypv_class1_advanced_6,2,1,1,0.0,NY_Z_A,UtilityPV_Class1_Advanced_,6,1.0,0.0,0.0,18151,0.0,0.0,0.0,0.0,0.0,0.0,1,Advanced,Class1,2026.5,940580.397,89290,16716.1,1.008,2205.016,39.745,28793.04,497868.807,1.977,60497.0,0.2429544180631637,-1.0,1,UtilityPV_Class1_Advanced__6
NY_Z_B_landbasedwind_class1_advanced_1,3,1,1,0.0,NY_Z_B,LandbasedWind_Class1_Advanced_,1,1.0,0.0,0.0,42287,0.0,0.0,0.0,0.0,0.0,0.0,1,Advanced,Class1,2026.5,1095229.563,140217,747.5,1.544,780.25,39.332,25200.794,435754.236,0.714,115017.0,0.4674415290355682,-1.0,1,LandbasedWind_Class1_Advanced__1
NY_Z_B_landbasedwind_class1_advanced_2,3,1,1,0.0,NY_Z_B,LandbasedWind_Class1_Advanced_,2,1.0,0.0,0.0,42287,0.0,0.0,0.0,0.0,0.0,0.0,1,Advanced,Class1,2026.5,1095229.563,135165,357.6,1.544,829.75,39.034,20148.848,348399.587,2.342,115017.0,0.504612922668457,-1.0,1,LandbasedWind_Class1_Advanced__2
NY_Z_B_landbasedwind_class1_advanced_3,3,1,1,0.0,NY_Z_B,LandbasedWind_Class1_Advanced_,3,1.0,0.0,0.0,42287,0.0,0.0,0.0,0.0,0.0,0.0,1,Advanced,Class1,2026.5,1095229.563,139474,497.9,1.544,1012.75,44.867,24457.39,422899.831,1.867,115017.0,0.4291751682758331,-1.0,1,LandbasedWind_Class1_Advanced__3
NY_Z_B_landbasedwind_class1_advanced_4,3,1,1,0.0,NY_Z_B,LandbasedWind_Class1_Advanced_,4,1.0,0.0,0.0,42287,0.0,0.0,0.0,0.0,0.0,0.0,1,Advanced,Class1,2026.5,1095229.563,132352,302.6,1.544,1285.0,43.986,17335.728,299757.108,4.567,115017.0,0.4632488191127777,-1.0,1,LandbasedWind_Class1_Advanced__4
NY_Z_B_landbasedwind_class1_advanced_5,3,1,1,0.0,NY_Z_B,LandbasedWind_Class1_Advanced_,5,1.0,0.0,0.0,42287,0.0,0.0,0.0,0.0,0.0,0.0,1,Advanced,Class1,2026.5,1095229.563,139954,687.4,1.544,1091.25,58.191,24937.623,431203.673,1.476,115017.0,0.3231721818447113,-1.0,1,LandbasedWind_Class1_Advanced__5
NY_Z_B_landbasedwind_class1_advanced_6,3,1,1,0.0,NY_Z_B,LandbasedWind_Class1_Advanced_,6,1.0,0.0,0.0,42287,0.0,0.0,0.0,0.0,0.0,0.0,1,Advanced,Class1,2026.5,1095229.563,133757,259.3,1.544,1443.5,49.062,18740.373,324045.243,5.587,115017.0,0.4058697819709778,-1.0,1,LandbasedWind_Class1_Advanced__6
NY_Z_B_utilitypv_class1_advanced_1,3,1,1,0.0,NY_Z_B,UtilityPV_Class1_Advanced_,1,1.0,0.0,0.0,18151,0.0,0.0,0.0,0.0,0.0,0.0,1,Advanced,Class1,2026.5,940580.397,67609,8623.4,1.008,2575.464,31.967,7112.759,122988.784,11.128,60497.0,0.2395870089530944,-1.0,1,UtilityPV_Class1_Advanced__1
NY_Z_B_utilitypv_class1_advanced_2,3,1,1,0.0,NY_Z_B,UtilityPV_Class1_Advanced_,2,1.0,0.0,0.0,18151,0.0,0.0,0.0,0.0,0.0,0.0,1,Advanced,Class1,2026.5,940580.397,70628,12528.9,1.008,2747.525,32.799,10131.281,175182.925,7.342,60497.0,0.2419058978557586,-1.0,1,UtilityPV_Class1_Advanced__2
NY_Z_B_utilitypv_class1_advanced_3,3,1,1,0.0,NY_Z_B,UtilityPV_Class1_Advanced_,3,1.0,0.0,0.0,18151,0.0,0.0,0.0,0.0,0.0,0.0,1,Advanced,Class1,2026.5,940580.397,77854,9441.3,1.008,1645.433,35.54,17357.628,300135.782,5.342,60497.0,0.2416380494832992,-1.0,1,UtilityPV_Class1_Advanced__3
NY_Z_B_utilitypv_class1_advanced_4,3,1,1,0.0,NY_Z_B,UtilityPV_Class1_Advanced_,4,1.0,0.0,0.0,18151,0.0,0.0,0.0,0.0,0.0,0.0,1,Advanced,Class1,2026.5,940580.397,78785,11588.2,1.008,1659.033,35.649,18288.863,316238.042,3.787,60497.0,0.2431630045175552,-1.0,1,UtilityPV_Class1_Advanced__4
NY_Z_B_utilitypv_class1_advanced_5,3,1,1,0.0,NY_Z_B,UtilityPV_Class1_Advanced_,5,1.0,0.0,0.0,18151,0.0,0.0,0.0,0.0,0.0,0.0,1,Advanced,Class1,2026.5,940580.397,87999,10709.9,1.008,1300.04,39.814,27502.672,475556.693,1.709,60497.0,0.2422675192356109,-1.0,1,UtilityPV_Class1_Advanced__5
NY_Z_B_utilitypv_class1_advanced_6,3,1,1,0.0,NY_Z_B,UtilityPV_Class1_Advanced_,6,1.0,0.0,0.0,18151,0.0,0.0,0.0,0.0,0.0,0.0,1,Advanced,Class1,2026.5,940580.397,86836,10327.1,1.008,1366.831,39.322,26339.326,455440.939,2.604,60497.0,0.2430436015129089,-1.0,1,UtilityPV_Class1_Advanced__6
NY_Z_C&E_landbasedwind_class1_advanced_1,4,1,1,0.0,NY_Z_C&E,LandbasedWind_Class1_Advanced_,1,1.0,0.0,0.0,42287,0.0,0.0,0.0,0.0,0.0,0.0,1,Advanced,Class1,2026.5,1095229.563,135389,847.5,1.544,1991.75,42.657,20372.462,352266.171,2.318,115017.0,0.4352993369102478,-1.0,1,LandbasedWind_Class1_Advanced__1
NY_Z_C&E_landbasedwind_class1_advanced_2,4,1,1,0.0,NY_Z_C&E,LandbasedWind_Class1_Advanced_,2,1.0,0.0,0.0,42287,0.0,0.0,0.0,0.0,0.0,0.0,1,Advanced,Class1,2026.5,1095229.563,133233,696.7,1.544,2154.75,39.813,18216.292,314983.2,2.827,115017.0,0.4809997677803039,-1.0,1,LandbasedWind_Class1_Advanced__2
NY_Z_C&E_landbasedwind_class1_advanced_3,4,1,1,0.0,NY_Z_C&E,LandbasedWind_Class1_Advanced_,3,1.0,0.0,0.0,42287,0.0,0.0,0.0,0.0,0.0,0.0,1,Advanced,Class1,2026.5,1095229.563,134048,604.0,1.544,2533.25,51.589,19031.7,329082.655,4.256,115017.0,0.3863209784030914,-1.0,1,LandbasedWind_Class1_Advanced__3
NY_Z_C&E_landbasedwind_class1_advanced_4,4,1,1,0.0,NY_Z_C&E,LandbasedWind_Class1_Advanced_,4,1.0,0.0,0.0,42287,0.0,0.0,0.0,0.0,0.0,0.0,1,Advanced,Class1,2026.5,1095229.563,134692,934.8,1.544,2497.5,48.811,19675.755,340219.195,2.535,115017.0,0.4271489381790161,-1.0,1,LandbasedWind_Class1_Advanced__4
NY_Z_C&E_landbasedwind_class1_advanced_5,4,1,1,0.0,NY_Z_C&E,LandbasedWind_Class1_Advanced_,5,1.0,0.0,0.0,42287,0.0,0.0,0.0,0.0,0.0,0.0,1,Advanced,Class1,2026.5,1095229.563,139298,569.9,1.544,2462.5,64.862,24281.459,419857.75,4.264,115017.0,0.3193850815296173,-1.0,1,LandbasedWind_Class1_Advanced__5
NY_Z_C&E_landbasedwind_class1_advanced_6,4,1,1,0.0,NY_Z_C&E,LandbasedWind_Class1_Advanced_,6,1.0,0.0,0.0,42287,0.0,0.0,0.0,0.0,0.0,0.0,1,Advanced,Class1,2026.5,1095229.563,146318,942.5,1.544,2525.25,56.866,31301.759,541247.789,2.845,115017.0,0.3741609752178192,-1.0,1,LandbasedWind_Class1_Advanced__6
NY_Z_C&E_utilitypv_class1_advanced_1,4,1,1,0.0,NY_Z_C&E,UtilityPV_Class1_Advanced_,1,1.0,0.0,0.0,18151,0.0,0.0,0.0,0.0,0.0,0.0,1,Advanced,Class1,2026.5,940580.397,68892,16801.9,1.008,4779.786,32.62,8395.952,145176.85,10.398,60497.0,0.2383890002965927,-1.0,1,UtilityPV_Class1_Advanced__1
NY_Z_C&E_utilitypv_class1_advanced_2,4,1,1,0.0,NY_Z_C&E,UtilityPV_Class1_Advanced_,2,1.0,0.0,0.0,18151,0.0,0.0,0.0,0.0,0.0,0.0,1,Advanced,Class1,2026.5,940580.397,70500,23749.8,1.008,4546.217,32.96,10003.121,172966.869,6.102,60497.0,0.2403665632009506,-1.0,1,UtilityPV_Class1_Advanced__2
NY_Z_C&E_utilitypv_class1_advanced_3,4,1,1,0.0,NY_Z_C&E,UtilityPV_Class1_Advanced_,3,1.0,0.0,0.0,18151,0.0,0.0,0.0,0.0,0.0,0.0,1,Advanced,Class1,2026.5,940580.397,76955,18458.5,1.008,3513.798,35.566,16458.651,284591.311,5.943,60497.0,0.2392952442169189,-1.0,1,UtilityPV_Class1_Advanced__3
NY_Z_C&E_utilitypv_class1_advanced_4,4,1,1,0.0,NY_Z_C&E,UtilityPV_Class1_Advanced_,4,1.0,0.0,0.0,18151,0.0,0.0,0.0,0.0,0.0,0.0,1,Advanced,Class1,2026.5,940580.397,77718,22114.0,1.008,3407.827,35.642,17221.744,297786.172,4.444,60497.0,0.2407604902982711,-1.0,1,UtilityPV_Class1_Advanced__4
NY_Z_C&E_utilitypv_class1_advanced_5,4,1,1,0.0,NY_Z_C&E,UtilityPV_Class1_Advanced_,5,1.0,0.0,0.0,18151,0.0,0.0,0.0,0.0,0.0,0.0,1,Advanced,Class1,2026.5,940580.397,84549,19319.6,1.008,3044.653,38.585,24052.916,415905.955,4.136,60497.0,0.2401070743799209,-1.0,1,UtilityPV_Class1_Advanced__5
NY_Z_C&E_utilitypv_class1_advanced_6,4,1,1,0.0,NY_Z_C&E,UtilityPV_Class1_Advanced_,6,1.0,0.0,0.0,18151,0.0,0.0,0.0,0.0,0.0,0.0,1,Advanced,Class1,2026.5,940580.397,92837,21087.9,1.008,3112.171,41.357,32340.083,559201.763,3.786,60497.0,0.2424302995204925,-1.0,1,UtilityPV_Class1_Advanced__6
NY_Z_D_landbasedwind_class1_advanced_1,5,1,1,0.0,NY_Z_D,LandbasedWind_Class1_Advanced_,1,1.0,0.0,0.0,42287,0.0,0.0,0.0,0.0,0.0,0.0,1,Advanced,Class1,2026.5,1095229.563,127248,1242.8,1.544,1178.25,45.994,12231.28,211494.605,0.626,115017.0,0.4382636845111847,-1.0,1,LandbasedWind_Class1_Advanced__1
NY_Z_D_landbasedwind_class1_advanced_2,5,1,1,0.0,NY_Z_D,LandbasedWind_Class1_Advanced_,2,1.0,0.0,0.0,42287,0.0,0.0,0.0,0.0,0.0,0.0,1,Advanced,Class1,2026.5,1095229.563,130668,1076.9,1.544,1077.5,41.576,15651.314,270631.42,0.86,115017.0,0.4943327903747558,-1.0,1,LandbasedWind_Class1_Advanced__2
NY_Z_D_landbasedwind_class1_advanced_3,5,1,1,0.0,NY_Z_D,LandbasedWind_Class1_Advanced_,3,1.0,0.0,0.0,42287,0.0,0.0,0.0,0.0,0.0,0.0,1,Advanced,Class1,2026.5,1095229.563,125439,743.7,1.544,1359.0,50.274,10422.933,180225.961,1.592,115017.0,0.3974630534648895,-1.0,1,LandbasedWind_Class1_Advanced__3
NY_Z_D_landbasedwind_class1_advanced_4,5,1,1,0.0,NY_Z_D,LandbasedWind_Class1_Advanced_,4,1.0,0.0,0.0,42287,0.0,0.0,0.0,0.0,0.0,0.0,1,Advanced,Class1,2026.5,1095229.563,131097,1464.6,1.544,1313.5,48.881,16080.084,278045.394,0.431,115017.0,0.4198384582996368,-1.0,1,LandbasedWind_Class1_Advanced__4
NY_Z_D_landbasedwind_class1_advanced_5,5,1,1,0.0,NY_Z_D,LandbasedWind_Class1_Advanced_,5,1.0,0.0,0.0,42287,0.0,0.0,0.0,0.0,0.0,0.0,1,Advanced,Class1,2026.5,1095229.563,137400,1125.1,1.544,2493.25,61.425,22383.203,387034.467,2.142,115017.0,0.3449489176273346,-1.0,1,LandbasedWind_Class1_Advanced__5
NY_Z_D_landbasedwind_class1_advanced_6,5,1,1,0.0,NY_Z_D,LandbasedWind_Class1_Advanced_,6,1.0,0.0,0.0,42287,0.0,0.0,0.0,0.0,0.0,0.0,1,Advanced,Class1,2026.5,1095229.563,133073,1134.0,1.544,2173.25,53.565,18056.677,312223.242,1.893,115017.0,0.3863812088966369,-1.0,1,LandbasedWind_Class1_Advanced__6
NY_Z_D_utilitypv_class1_advanced_1,5,1,1,0.0,NY_Z_D,UtilityPV_Class1_Advanced_,1,1.0,0.0,0.0,18151,0.0,0.0,0.0,0.0,0.0,0.0,1,Advanced,Class1,2026.5,940580.397,67234,15703.0,1.008,2435.316,32.239,6737.217,116495.175,4.124,60497.0,0.2366767972707748,-1.0,1,UtilityPV_Class1_Advanced__1
NY_Z_D_utilitypv_class1_advanced_2,5,1,1,0.0,NY_Z_D,UtilityPV_Class1_Advanced_,2,1.0,0.0,0.0,18151,0.0,0.0,0.0,0.0,0.0,0.0,1,Advanced,Class1,2026.5,940580.397,69280,15222.3,1.008,2068.235,32.649,8783.562,151879.118,2.842,60497.0,0.2394472807645797,-1.0,1,UtilityPV_Class1_Advanced__2
NY_Z_D_utilitypv_class1_advanced_3,5,1,1,0.0,NY_Z_D,UtilityPV_Class1_Advanced_,3,1.0,0.0,0.0,18151,0.0,0.0,0.0,0.0,0.0,0.0,1,Advanced,Class1,2026.5,940580.397,74023,17718.3,1.008,2155.547,34.765,13526.233,233886.025,1.995,60497.0,0.2372395694255828,-1.0,1,UtilityPV_Class1_Advanced__3
NY_Z_D_utilitypv_class1_advanced_4,5,1,1,0.0,NY_Z_D,UtilityPV_Class1_Advanced_,4,1.0,0.0,0.0,18151,0.0,0.0,0.0,0.0,0.0,0.0,1,Advanced,Class1,2026.5,940580.397,75701,13177.2,1.008,1935.478,34.869,15204.123,262898.914,3.344,60497.0,0.241004541516304,-1.0,1,UtilityPV_Class1_Advanced__4
NY_Z_D_utilitypv_class1_advanced_5,5,1,1,0.0,NY_Z_D,UtilityPV_Class1_Advanced_,5,1.0,0.0,0.0,18151,0.0,0.0,0.0,0.0,0.0,0.0,1,Advanced,Class1,2026.5,940580.397,82171,15767.2,1.008,2220.353,37.707,21674.189,374774.694,2.966,60497.0,0.2385624945163726,-1.0,1,UtilityPV_Class1_Advanced__5
NY_Z_D_utilitypv_class1_advanced_6,5,1,1,0.0,NY_Z_D,UtilityPV_Class1_Advanced_,6,1.0,0.0,0.0,18151,0.0,0.0,0.0,0.0,0.0,0.0,1,Advanced,Class1,2026.5,940580.397,89063,15114.6,1.008,2163.462,39.909,28566.547,493952.452,3.098,60497.0,0.2413075417280197,-1.0,1,UtilityPV_Class1_Advanced__6
NY_Z_F_landbasedwind_class1_advanced_1,6,1,1,0.0,NY_Z_F,LandbasedWind_Class1_Advanced_,1,1.0,0.0,0.0,42287,0.0,0.0,0.0,0.0,0.0,0.0,1,Advanced,Class1,2026.5,1095229.563,128958,440.2,1.544,2098.5,43.16,13941.645,241069.032,4.967,115017.0,0.4372919201850891,-1.0,1,LandbasedWind_Class1_Advanced__1
NY_Z_F_landbasedwind_class1_advanced_2,6,1,1,0.0,NY_Z_F,LandbasedWind_Class1_Advanced_,2,1.0,0.0,0.0,42287,0.0,0.0,0.0,0.0,0.0,0.0,1,Advanced,Class1,2026.5,1095229.563,130548,656.0,1.544,1852.75,39.494,15531.305,268556.305,2.946,115017.0,0.4953294098377228,-1.0,1,LandbasedWind_Class1_Advanced__2
NY_Z_F_landbasedwind_class1_advanced_3,6,1,1,0.0,NY_Z_F,LandbasedWind_Class1_Advanced_,3,1.0,0.0,0.0,42287,0.0,0.0,0.0,0.0,0.0,0.0,1,Advanced,Class1,2026.5,1095229.563,129257,518.8,1.544,1568.5,49.419,14240.347,246233.965,3.091,115017.0,0.3967408239841461,-1.0,1,LandbasedWind_Class1_Advanced__3
NY_Z_F_landbasedwind_class1_advanced_4,6,1,1,0.0,NY_Z_F,LandbasedWind_Class1_Advanced_,4,1.0,0.0,0.0,42287,0.0,0.0,0.0,0.0,0.0,0.0,1,Advanced,Class1,2026.5,1095229.563,134957,576.9,1.544,1574.0,47.89,19940.93,344804.41,2.93,115017.0,0.4363775551319122,-1.0,1,LandbasedWind_Class1_Advanced__4
NY_Z_F_landbasedwind_class1_advanced_5,6,1,1,0.0,NY_Z_F,LandbasedWind_Class1_Advanced_,5,1.0,0.0,0.0,42287,0.0,0.0,0.0,0.0,0.0,0.0,1,Advanced,Class1,2026.5,1095229.563,133108,366.0,1.544,2070.0,64.273,18091.322,312822.31,5.749,115017.0,0.3154446482658386,-1.0,1,LandbasedWind_Class1_Advanced__5
NY_Z_F_landbasedwind_class1_advanced_6,6,1,1,0.0,NY_Z_F,LandbasedWind_Class1_Advanced_,6,1.0,0.0,0.0,42287,0.0,0.0,0.0,0.0,0.0,0.0,1,Advanced,Class1,2026.5,1095229.563,134451,729.8,1.544,2079.5,56.551,19434.496,336047.523,2.857,115017.0,0.3673971891403198,-1.0,1,LandbasedWind_Class1_Advanced__6
NY_Z_F_utilitypv_class1_advanced_1,6,1,1,0.0,NY_Z_F,UtilityPV_Class1_Advanced_,1,1.0,0.0,0.0,18151,0.0,0.0,0.0,0.0,0.0,0.0,1,Advanced,Class1,2026.5,940580.397,69293,15069.7,1.008,3819.85,32.067,8796.188,152097.444,8.984,60497.0,0.2436802238225937,-1.0,1,UtilityPV_Class1_Advanced__1
NY_Z_F_utilitypv_class1_advanced_2,6,1,1,0.0,NY_Z_F,UtilityPV_Class1_Advanced_,2,1.0,0.0,0.0,18151,0.0,0.0,0.0,0.0,0.0,0.0,1,Advanced,Class1,2026.5,940580.397,70530,22013.9,1.008,3803.406,32.189,10033.581,173493.565,5.199,60497.0,0.2469704151153564,-1.0,1,UtilityPV_Class1_Advanced__2
NY_Z_F_utilitypv_class1_advanced_3,6,1,1,0.0,NY_Z_F,UtilityPV_Class1_Advanced_,3,1.0,0.0,0.0,18151,0.0,0.0,0.0,0.0,0.0,0.0,1,Advanced,Class1,2026.5,940580.397,76052,19709.9,1.008,3278.051,34.727,15555.781,268979.516,5.003,60497.0,0.2429408282041549,-1.0,1,UtilityPV_Class1_Advanced__3
NY_Z_F_utilitypv_class1_advanced_4,6,1,1,0.0,NY_Z_F,UtilityPV_Class1_Advanced_,4,1.0,0.0,0.0,18151,0.0,0.0,0.0,0.0,0.0,0.0,1,Advanced,Class1,2026.5,940580.397,76544,17327.5,1.008,2924.067,34.493,16047.876,277488.479,5.128,60497.0,0.2463627904653549,-1.0,1,UtilityPV_Class1_Advanced__4
NY_Z_F_utilitypv_class1_advanced_5,6,1,1,0.0,NY_Z_F,UtilityPV_Class1_Advanced_,5,1.0,0.0,0.0,18151,0.0,0.0,0.0,0.0,0.0,0.0,1,Advanced,Class1,2026.5,940580.397,84138,21106.0,1.008,3593.86,37.818,23641.809,408797.378,5.108,60497.0,0.2426484078168869,-1.0,1,UtilityPV_Class1_Advanced__5
NY_Z_F_utilitypv_class1_advanced_6,6,1,1,0.0,NY_Z_F,UtilityPV_Class1_Advanced_,6,1.0,0.0,0.0,18151,0.0,0.0,0.0,0.0,0.0,0.0,1,Advanced,Class1,2026.5,940580.397,84245,15947.6,1.008,3414.981,37.493,23748.961,410650.182,6.971,60497.0,0.2457059919834137,-1.0,1,UtilityPV_Class1_Advanced__6
NY_Z_G-I_landbasedwind_class1_advanced_1,7,1,1,0.0,NY_Z_G-I,LandbasedWind_Class1_Advanced_,1,1.0,0.0,0.0,42287,0.0,0.0,0.0,0.0,0.0,0.0,1,Advanced,Class1,2026.5,1095229.563,130015,6.8,1.544,50.0,44.439,14998.935,259350.95,6.77,115017.0,0.4591485857963562,-1.0,1,LandbasedWind_Class1_Advanced__1
NY_Z_G-I_landbasedwind_class1_advanced_2,7,1,1,0.0,NY_Z_G-I,LandbasedWind_Class1_Advanced_,2,1.0,0.0,0.0,42287,0.0,0.0,0.0,0.0,0.0,0.0,1,Advanced,Class1,2026.5,1095229.563,123366,15.4,1.544,9.5,42.224,8349.836,144379.45,0.105,115017.0,0.4676185846328735,-1.0,1,LandbasedWind_Class1_Advanced__2
NY_Z_G-I_landbasedwind_class1_advanced_3,7,1,1,0.0,NY_Z_G-I,LandbasedWind_Class1_Advanced_,3,1.0,0.0,0.0,42287,0.0,0.0,0.0,0.0,0.0,0.0,1,Advanced,Class1,2026.5,1095229.563,140797,11.5,1.544,85.25,59.843,25780.991,445786.586,6.534,115017.0,0.3599059581756592,-1.0,1,LandbasedWind_Class1_Advanced__3
NY_Z_G-I_landbasedwind_class1_advanced_4,7,1,1,0.0,NY_Z_G-I,LandbasedWind_Class1_Advanced_,4,1.0,0.0,0.0,42287,0.0,0.0,0.0,0.0,0.0,0.0,1,Advanced,Class1,2026.5,1095229.563,128571,1.5,1.544,11.25,47.32,13554.66,234377.58,8.156,115017.0,0.4282521605491638,-1.0,1,LandbasedWind_Class1_Advanced__4
NY_Z_G-I_landbasedwind_class1_advanced_5,7,1,1,0.0,NY_Z_G-I,LandbasedWind_Class1_Advanced_,5,1.0,0.0,0.0,42287,0.0,0.0,0.0,0.0,0.0,0.0,1,Advanced,Class1,2026.5,1095229.563,140398,9.3,1.544,69.0,73.836,25381.243,438874.44,8.826,115017.0,0.2895629405975342,-1.0,1,LandbasedWind_Class1_Advanced__5
NY_Z_G-I_landbasedwind_class1_advanced_6,7,1,1,0.0,NY_Z_G-I,LandbasedWind_Class1_Advanced_,6,1.0,0.0,0.0,42287,0.0,0.0,0.0,0.0,0.0,0.0,1,Advanced,Class1,2026.5,1095229.563,141583,6.6,1.544,24.5,73.24,26566.17,459363.38,4.02,115017.0,0.2934530377388,-1.0,1,LandbasedWind_Class1_Advanced__6
NY_Z_G-I_utilitypv_class1_advanced_1,7,1,1,0.0,NY_Z_G-I,UtilityPV_Class1_Advanced_,1,1.0,0.0,0.0,18151,0.0,0.0,0.0,0.0,0.0,0.0,1,Advanced,Class1,2026.5,940580.397,64510,711.5,1.008,308.679,30.222,4013.647,69401.136,17.745,60497.0,0.2440589368343353,-1.0,1,UtilityPV_Class1_Advanced__1
NY_Z_G-I_utilitypv_class1_advanced_2,7,1,1,0.0,NY_Z_G-I,UtilityPV_Class1_Advanced_,2,1.0,0.0,0.0,18151,0.0,0.0,0.0,0.0,0.0,0.0,1,Advanced,Class1,2026.5,940580.397,65501,1048.4,1.008,448.485,30.383,5004.672,86537.244,17.938,60497.0,0.2457569986581802,-1.0,1,UtilityPV_Class1_Advanced__2
NY_Z_G-I_utilitypv_class1_advanced_3,7,1,1,0.0,NY_Z_G-I,UtilityPV_Class1_Advanced_,3,1.0,0.0,0.0,18151,0.0,0.0,0.0,0.0,0.0,0.0,1,Advanced,Class1,2026.5,940580.397,74916,840.1,1.008,386.164,34.092,14419.182,249326.262,19.162,60497.0,0.2442353963851928,-1.0,1,UtilityPV_Class1_Advanced__3
NY_Z_G-I_utilitypv_class1_advanced_4,7,1,1,0.0,NY_Z_G-I,UtilityPV_Class1_Advanced_,4,1.0,0.0,0.0,18151,0.0,0.0,0.0,0.0,0.0,0.0,1,Advanced,Class1,2026.5,940580.397,74528,932.7,1.008,323.062,33.654,14031.576,242624.061,12.904,60497.0,0.2465979307889938,-1.0,1,UtilityPV_Class1_Advanced__4
NY_Z_G-I_utilitypv_class1_advanced_5,7,1,1,0.0,NY_Z_G-I,UtilityPV_Class1_Advanced_,5,1.0,0.0,0.0,18151,0.0,0.0,0.0,0.0,0.0,0.0,1,Advanced,Class1,2026.5,940580.397,100231,644.0,1.008,210.398,44.171,39734.927,687068.154,13.004,60497.0,0.2418183982372284,-1.0,1,UtilityPV_Class1_Advanced__5
NY_Z_G-I_utilitypv_class1_advanced_6,7,1,1,0.0,NY_Z_G-I,UtilityPV_Class1_Advanced_,6,1.0,0.0,0.0,18151,0.0,0.0,0.0,0.0,0.0,0.0,1,Advanced,Class1,2026.5,940580.397,87792,1089.8,1.008,236.784,38.818,27295.867,471980.76,7.544,60497.0,0.2448349148035049,-1.0,1,UtilityPV_Class1_Advanced__6
NY_Z_J_offshorewind_class3_advanced_fixed_1_0,8,1,1,0.0,NY_Z_J,OffShoreWind_Class3_Advanced_fixed_1,0,1.0,0.0,0.0,95785,0.0,0.0,0.0,0.0,0.0,0.0,1,Advanced,Class3,2026.5,2889578.864,290921,695.0,1.006,139.0,78.189,74095.195,1281201.514,0.0,216826.0,0.4673508703708648,-1.0,1,OffShoreWind_Class3_Advanced_fixed_1_0
NY_Z_J_offshorewind_class3_advanced_fixed_1_1,8,1,1,0.0,NY_Z_J,OffShoreWind_Class3_Advanced_fixed_1,1,1.0,0.0,0.0,95785,0.0,0.0,0.0,0.0,0.0,0.0,1,Advanced,Class3,2026.5,2889578.864,289488,808.8,1.006,161.75,78.564,72662.188,1256422.955,0.0,216826.0,0.4633039534091949,-1.0,1,OffShoreWind_Class3_Advanced_fixed_1_1
NY_Z_J_offshorewind_class3_advanced_fixed_1_2,8,1,1,0.0,NY_Z_J,OffShoreWind_Class3_Advanced_fixed_1,2,1.0,0.0,0.0,95785,0.0,0.0,0.0,0.0,0.0,0.0,1,Advanced,Class3,2026.5,2889578.864,288968,1033.6,1.006,206.718,78.874,72142.703,1247440.415,0.0,216826.0,0.4608791470527649,-1.0,1,OffShoreWind_Class3_Advanced_fixed_1_2
NY_Z_J_offshorewind_class3_advanced_fixed_1_3,8,1,1,0.0,NY_Z_J,OffShoreWind_Class3_Advanced_fixed_1,3,1.0,0.0,0.0,95785,0.0,0.0,0.0,0.0,0.0,0.0,1,Advanced,Class3,2026.5,2889578.864,289847,465.0,1.006,93.0,78.914,73021.743,1262640.203,0.0,216826.0,0.4617681503295898,-1.0,1,OffShoreWind_Class3_Advanced_fixed_1_3
NY_Z_J_offshorewind_class3_advanced_fixed_1_4,8,1,1,0.0,NY_Z_J,OffShoreWind_Class3_Advanced_fixed_1,4,1.0,0.0,0.0,95785,0.0,0.0,0.0,0.0,0.0,0.0,1,Advanced,Class3,2026.5,2889578.864,287770,1130.1,1.006,226.013,79.946,70944.533,1226722.52,0.0,216826.0,0.4533560276031494,-1.0,1,OffShoreWind_Class3_Advanced_fixed_1_4
NY_Z_J_offshorewind_class3_advanced_fixed_1_5,8,1,1,0.0,NY_Z_J,OffShoreWind_Class3_Advanced_fixed_1,5,1.0,0.0,0.0,95785,0.0,0.0,0.0,0.0,0.0,0.0,1,Advanced,Class3,2026.5,2889578.864,286559,300.1,1.006,60.018,81.452,69733.114,1205775.497,0.0,216826.0,0.4436672329902649,-1.0,1,OffShoreWind_Class3_Advanced_fixed_1_5
NY_Z_J_offshorewind_class3_advanced_fixed_0_0,8,1,1,0.0,NY_Z_J,OffShoreWind_Class3_Advanced_fixed_0,0,1.0,0.0,0.0,95785,0.0,0.0,0.0,0.0,0.0,0.0,1,Advanced,Class3,2026.5,2889578.864,291022,422.5,1.006,84.5,78.214,74196.798,1282958.419,0.0,216826.0,0.4673152267932892,-1.0,1,OffShoreWind_Class3_Advanced_fixed_0_0
NY_Z_J_offshorewind_class3_advanced_fixed_0_1,8,1,1,0.0,NY_Z_J,OffShoreWind_Class3_Advanced_fixed_0,1,1.0,0.0,0.0,95785,0.0,0.0,0.0,0.0,0.0,0.0,1,Advanced,Class3,2026.5,2889578.864,290160,121.2,1.006,24.25,78.288,73334.477,1268047.744,0.0,216826.0,0.4657896757125854,-1.0,1,OffShoreWind_Class3_Advanced_fixed_0_1
NY_Z_J_offshorewind_class3_advanced_fixed_0_2,8,1,1,0.0,NY_Z_J,OffShoreWind_Class3_Advanced_fixed_0,2,1.0,0.0,0.0,95785,0.0,0.0,0.0,0.0,0.0,0.0,1,Advanced,Class3,2026.5,2889578.864,289975,388.8,1.006,77.75,78.932,73149.715,1264852.977,0.0,216826.0,0.4618058502674103,-1.0,1,OffShoreWind_Class3_Advanced_fixed_0_2
NY_Z_J_offshorewind_class3_advanced_fixed_0_3,8,1,1,0.0,NY_Z_J,OffShoreWind_Class3_Advanced_fixed_0,3,1.0,0.0,0.0,95785,0.0,0.0,0.0,0.0,0.0,0.0,1,Advanced,Class3,2026.5,2889578.864,288549,198.8,1.006,39.75,79.003,71723.175,1240186.24,0.0,216826.0,0.4596629440784454,-1.0,1,OffShoreWind_Class3_Advanced_fixed_0_3
NY_Z_J_offshorewind_class3_advanced_fixed_0_4,8,1,1,0.0,NY_Z_J,OffShoreWind_Class3_Advanced_fixed_0,4,1.0,0.0,0.0,95785,0.0,0.0,0.0,0.0,0.0,0.0,1,Advanced,Class3,2026.5,2889578.864,287622,371.2,1.006,74.25,80.023,70796.846,1224168.756,0.0,216826.0,0.4527682662010193,-1.0,1,OffShoreWind_Class3_Advanced_fixed_0_4
NY_Z_J_offshorewind_class3_advanced_fixed_0_5,8,1,1,0.0,NY_Z_J,OffShoreWind_Class3_Advanced_fixed_0,5,1.0,0.0,0.0,95785,0.0,0.0,0.0,0.0,0.0,0.0,1,Advanced,Class3,2026.5,2889578.864,289229,113.8,1.006,22.75,79.443,72403.99,1251958.399,0.0,216826.0,0.4579218327999115,-1.0,1,OffShoreWind_Class3_Advanced_fixed_0_5
NY_Z_J_offshorewind_class12_advanced_floating_0_0,8,1,1,0.0,NY_Z_J,OffShoreWind_Class12_Advanced_floating_0,0,1.0,0.0,0.0,79082,0.0,0.0,0.0,0.0,0.0,0.0,1,Advanced,Class12,2026.5,4601178.992,431075,906.0,1.006,113.25,92.498,85816.324,1483875.009,0.0,345259.0,0.4762266874313354,-1.0,1,OffShoreWind_Class12_Advanced_floating_0_0
NY_Z_J_offshorewind_class12_advanced_floating_0_1,8,1,1,0.0,NY_Z_J,OffShoreWind_Class12_Advanced_floating_0,1,1.0,0.0,0.0,79082,0.0,0.0,0.0,0.0,0.0,0.0,1,Advanced,Class12,2026.5,4601178.992,430012,62.0,1.006,7.75,92.715,84753.423,1465496.1,0.0,345259.0,0.4735735058784485,-1.0,1,OffShoreWind_Class12_Advanced_floating_0_1
NY_Z_J_offshorewind_class12_advanced_floating_0_2,8,1,1,0.0,NY_Z_J,OffShoreWind_Class12_Advanced_floating_0,2,1.0,0.0,0.0,79082,0.0,0.0,0.0,0.0,0.0,0.0,1,Advanced,Class12,2026.5,4601178.992,430427,512.0,1.006,64.0,92.905,85168.1,1472666.35,0.0,345259.0,0.4747291803359985,-1.0,1,OffShoreWind_Class12_Advanced_floating_0_2
NY_Z_J_offshorewind_class12_advanced_floating_0_3,8,1,1,0.0,NY_Z_J,OffShoreWind_Class12_Advanced_floating_0,3,1.0,0.0,0.0,79082,0.0,0.0,0.0,0.0,0.0,0.0,1,Advanced,Class12,2026.5,4601178.992,430953,384.0,1.006,48.0,92.98,85694.266,1481764.433,0.0,345259.0,0.4748819172382355,-1.0,1,OffShoreWind_Class12_Advanced_floating_0_3
NY_Z_J_offshorewind_class12_advanced_floating_0_4,8,1,1,0.0,NY_Z_J,OffShoreWind_Class12_Advanced_floating_0,4,1.0,0.0,0.0,79082,0.0,0.0,0.0,0.0,0.0,0.0,1,Advanced,Class12,2026.5,4601178.992,429472,506.0,1.006,63.25,93.924,84213.809,1456165.505,0.0,345259.0,0.4686736166477203,-1.0,1,OffShoreWind_Class12_Advanced_floating_0_4
NY_Z_J_offshorewind_class12_advanced_floating_0_5,8,1,1,0.0,NY_Z_J,OffShoreWind_Class12_Advanced_floating_0,5,1.0,0.0,0.0,79082,0.0,0.0,0.0,0.0,0.0,0.0,1,Advanced,Class12,2026.5,4601178.992,430214,254.0,1.006,31.75,93.118,84955.316,1468987.017,0.0,345259.0,0.473432183265686,-1.0,1,OffShoreWind_Class12_Advanced_floating_0_5
NY_Z_J_offshorewind_class12_advanced_floating_1_0,8,1,1,0.0,NY_Z_J,OffShoreWind_Class12_Advanced_floating_1,0,1.0,0.0,0.0,79082,0.0,0.0,0.0,0.0,0.0,0.0,1,Advanced,Class12,2026.5,4601178.992,430479,1648.0,1.006,206.0,92.977,85220.378,1473570.315,0.0,345259.0,0.4737546145915985,-1.0,1,OffShoreWind_Class12_Advanced_floating_1_0
NY_Z_J_offshorewind_class12_advanced_floating_1_1,8,1,1,0.0,NY_Z_J,OffShoreWind_Class12_Advanced_floating_1,1,1.0,0.0,0.0,79082,0.0,0.0,0.0,0.0,0.0,0.0,1,Advanced,Class12,2026.5,4601178.992,429506,436.0,1.006,54.5,93.533,84247.156,1456742.062,0.0,345259.0,0.4705741703510284,-1.0,1,OffShoreWind_Class12_Advanced_floating_1_1
NY_Z_J_offshorewind_class12_advanced_floating_1_2,8,1,1,0.0,NY_Z_J,OffShoreWind_Class12_Advanced_floating_1,2,1.0,0.0,0.0,79082,0.0,0.0,0.0,0.0,0.0,0.0,1,Advanced,Class12,2026.5,4601178.992,429716,1328.0,1.006,166.0,93.685,84457.416,1460377.681,0.0,345259.0,0.4700786471366882,-1.0,1,OffShoreWind_Class12_Advanced_floating_1_2
NY_Z_J_offshorewind_class12_advanced_floating_1_3,8,1,1,0.0,NY_Z_J,OffShoreWind_Class12_Advanced_floating_1,3,1.0,0.0,0.0,79082,0.0,0.0,0.0,0.0,0.0,0.0,1,Advanced,Class12,2026.5,4601178.992,428801,768.0,1.006,96.0,93.846,83542.698,1444561.025,0.0,345259.0,0.468286395072937,-1.0,1,OffShoreWind_Class12_Advanced_floating_1_3
NY_Z_J_offshorewind_class12_advanced_floating_1_4,8,1,1,0.0,NY_Z_J,OffShoreWind_Class12_Advanced_floating_1,4,1.0,0.0,0.0,79082,0.0,0.0,0.0,0.0,0.0,0.0,1,Advanced,Class12,2026.5,4601178.992,428992,1288.0,1.006,161.0,94.141,83733.053,1447852.476,0.0,345259.0,0.4670504033565521,-1.0,1,OffShoreWind_Class12_Advanced_floating_1_4
NY_Z_J_offshorewind_class12_advanced_floating_1_5,8,1,1,0.0,NY_Z_J,OffShoreWind_Class12_Advanced_floating_1,5,1.0,0.0,0.0,79082,0.0,0.0,0.0,0.0,0.0,0.0,1,Advanced,Class12,2026.5,4601178.992,428281,768.0,1.006,96.0,94.253,83022.204,1435561.025,0.0,345259.0,0.4657430648803711,-1.0,1,OffShoreWind_Class12_Advanced_floating_1_5
NY_Z_K_utilitypv_class1_advanced_1,9,1,1,0.0,NY_Z_K,UtilityPV_Class1_Advanced_,1,1.0,0.0,0.0,18151,0.0,0.0,0.0,0.0,0.0,0.0,1,Advanced,Class1,2026.5,940580.397,93717,4.5,1.197,5.0,41.008,21852.769,377862.56,45.2,71865.0,0.2468122243881225,-1.0,1,UtilityPV_Class1_Advanced__1
PJM_EMAC_offshorewind_class3_advanced_fixed_1_0,10,1,1,0.0,PJM_EMAC,OffShoreWind_Class3_Advanced_fixed_1,0,1.0,0.0,0.0,95785,0.0,0.0,0.0,0.0,0.0,0.0,1,Advanced,Class3,2026.5,2889578.864,266323,8006.2,1.0,1601.25,73.851,50764.409,877782.136,0.0,215559.0,0.4629919528961181,-1.0,1,OffShoreWind_Class3_Advanced_fixed_1_0
PJM_EMAC_offshorewind_class3_advanced_fixed_1_1,10,1,1,0.0,PJM_EMAC,OffShoreWind_Class3_Advanced_fixed_1,1,1.0,0.0,0.0,95785,0.0,0.0,0.0,0.0,0.0,0.0,1,Advanced,Class3,2026.5,2889578.864,266932,1016.2,1.0,203.25,73.975,51373.737,888318.215,0.0,215559.0,0.4645247757434845,-1.0,1,OffShoreWind_Class3_Advanced_fixed_1_1
PJM_EMAC_offshorewind_class3_advanced_fixed_1_2,10,1,1,0.0,PJM_EMAC,OffShoreWind_Class3_Advanced_fixed_1,2,1.0,0.0,0.0,95785,0.0,0.0,0.0,0.0,0.0,0.0,1,Advanced,Class3,2026.5,2889578.864,264871,5032.5,1.0,1006.5,74.416,49312.347,852674.103,0.0,215559.0,0.4577996730804443,-1.0,1,OffShoreWind_Class3_Advanced_fixed_1_2
PJM_EMAC_offshorewind_class3_advanced_fixed_1_3,10,1,1,0.0,PJM_EMAC,OffShoreWind_Class3_Advanced_fixed_1,3,1.0,0.0,0.0,95785,0.0,0.0,0.0,0.0,0.0,0.0,1,Advanced,Class3,2026.5,2889578.864,266764,3968.2,1.0,793.645,74.493,51205.988,885417.599,0.0,215559.0,0.4596421718597412,-1.0,1,OffShoreWind_Class3_Advanced_fixed_1_3
PJM_EMAC_offshorewind_class3_advanced_fixed_1_4,10,1,1,0.0,PJM_EMAC,OffShoreWind_Class3_Advanced_fixed_1,4,1.0,0.0,0.0,95785,0.0,0.0,0.0,0.0,0.0,0.0,1,Advanced,Class3,2026.5,2889578.864,270873,6688.7,1.0,1338.355,76.656,55314.064,956451.544,0.0,215559.0,0.451775461435318,-1.0,1,OffShoreWind_Class3_Advanced_fixed_1_4
PJM_EMAC_offshorewind_class3_advanced_fixed_1_5,10,1,1,0.0,PJM_EMAC,OffShoreWind_Class3_Advanced_fixed_1,5,1.0,0.0,0.0,95785,0.0,0.0,0.0,0.0,0.0,0.0,1,Advanced,Class3,2026.5,2889578.864,343637,2287.4,1.0,458.052,92.888,128078.254,1248836.414,0.0,215559.0,0.4481207132339477,-1.0,1,OffShoreWind_Class3_Advanced_fixed_1_5
PJM_EMAC_offshorewind_class3_advanced_fixed_0_0,10,1,1,0.0,PJM_EMAC,OffShoreWind_Class3_Advanced_fixed_0,0,1.0,0.0,0.0,95785,0.0,0.0,0.0,0.0,0.0,0.0,1,Advanced,Class3,2026.5,2889578.864,270527,4659.9,1.0,1228.5,75.606,54968.092,950469.238,0.0,215559.0,0.4577885866165161,-1.0,1,OffShoreWind_Class3_Advanced_fixed_0_0
PJM_EMAC_offshorewind_class3_advanced_fixed_0_1,10,1,1,0.0,PJM_EMAC,OffShoreWind_Class3_Advanced_fixed_0,1,1.0,0.0,0.0,95785,0.0,0.0,0.0,0.0,0.0,0.0,1,Advanced,Class3,2026.5,2889578.864,265269,1677.9,1.0,573.0,74.564,49710.795,859563.794,0.0,215559.0,0.457540363073349,-1.0,1,OffShoreWind_Class3_Advanced_fixed_0_1
PJM_EMAC_offshorewind_class3_advanced_fixed_0_2,10,1,1,0.0,PJM_EMAC,OffShoreWind_Class3_Advanced_fixed_0,2,1.0,0.0,0.0,95785,0.0,0.0,0.0,0.0,0.0,0.0,1,Advanced,Class3,2026.5,2889578.864,286726,5050.9,1.0,1107.0,79.679,71167.081,1230570.676,0.0,215559.0,0.4540373682975769,-1.0,1,OffShoreWind_Class3_Advanced_fixed_0_2
PJM_EMAC_offshorewind_class3_advanced_fixed_0_3,10,1,1,0.0,PJM_EMAC,OffShoreWind_Class3_Advanced_fixed_0,3,1.0,0.0,0.0,95785,0.0,0.0,0.0,0.0,0.0,0.0,1,Advanced,Class3,2026.5,2889578.864,446642,1279.2,1.0,313.0,113.534,231083.331,1373771.929,0.0,215559.0,0.4531203210353851,-1.0,1,OffShoreWind_Class3_Advanced_fixed_0_3
PJM_EMAC_offshorewind_class3_advanced_fixed_0_4,10,1,1,0.0,PJM_EMAC,OffShoreWind_Class3_Advanced_fixed_0,4,1.0,0.0,0.0,95785,0.0,0.0,0.0,0.0,0.0,0.0,1,Advanced,Class3,2026.5,2889578.864,503629,3950.0,1.0,790.0,127.791,288070.115,1487288.689,0.0,215559.0,0.4496188163757324,-1.0,1,OffShoreWind_Class3_Advanced_fixed_0_4
PJM_EMAC_offshorewind_class3_advanced_fixed_0_5,10,1,1,0.0,PJM_EMAC,OffShoreWind_Class3_Advanced_fixed_0,5,1.0,0.0,0.0,95785,0.0,0.0,0.0,0.0,0.0,0.0,1,Advanced,Class3,2026.5,2889578.864,499182,2298.8,1.0,459.75,125.259,283623.534,1410401.607,0.0,215559.0,0.451000839471817,-1.0,1,OffShoreWind_Class3_Advanced_fixed_0_5
PJM_EMAC_offshorewind_class12_advanced_floating_0_0,10,1,1,0.0,PJM_EMAC,OffShoreWind_Class12_Advanced_floating_0,0,1.0,0.0,0.0,79082,0.0,0.0,0.0,0.0,0.0,0.0,1,Advanced,Class12,2026.5,4601178.992,408699,5362.8,1.0,721.25,89.59,65456.478,1131826.978,0.0,343243.0,0.4708126783370971,-1.0,1,OffShoreWind_Class12_Advanced_floating_0_0
PJM_EMAC_offshorewind_class12_advanced_floating_0_1,10,1,1,0.0,PJM_EMAC,OffShoreWind_Class12_Advanced_floating_0,1,1.0,0.0,0.0,79082,0.0,0.0,0.0,0.0,0.0,0.0,1,Advanced,Class12,2026.5,4601178.992,406065,6561.8,1.0,864.0,89.964,62822.559,1086283.108,0.0,343243.0,0.4649830460548401,-1.0,1,OffShoreWind_Class12_Advanced_floating_0_1
PJM_EMAC_offshorewind_class12_advanced_floating_0_2,10,1,1,0.0,PJM_EMAC,OffShoreWind_Class12_Advanced_floating_0,2,1.0,0.0,0.0,79082,0.0,0.0,0.0,0.0,0.0,0.0,1,Advanced,Class12,2026.5,4601178.992,638870,7442.6,1.0,1022.5,140.188,295627.281,1617961.906,0.0,343243.0,0.4572965502738952,-1.0,1,OffShoreWind_Class12_Advanced_floating_0_2
PJM_EMAC_offshorewind_class12_advanced_floating_0_3,10,1,1,0.0,PJM_EMAC,OffShoreWind_Class12_Advanced_floating_0,3,1.0,0.0,0.0,79082,0.0,0.0,0.0,0.0,0.0,0.0,1,Advanced,Class12,2026.5,4601178.992,425311,4522.6,1.0,608.0,95.354,82068.41,1419068.718,0.0,343243.0,0.4583231210708618,-1.0,1,OffShoreWind_Class12_Advanced_floating_0_3
PJM_EMAC_offshorewind_class12_advanced_floating_0_4,10,1,1,0.0,PJM_EMAC,OffShoreWind_Class12_Advanced_floating_0,4,1.0,0.0,0.0,79082,0.0,0.0,0.0,0.0,0.0,0.0,1,Advanced,Class12,2026.5,4601178.992,641808,7346.0,1.0,918.25,143.371,298565.706,1668771.074,0.0,343243.0,0.4534051120281219,-1.0,1,OffShoreWind_Class12_Advanced_floating_0_4
PJM_EMAC_offshorewind_class12_advanced_floating_0_5,10,1,1,0.0,PJM_EMAC,OffShoreWind_Class12_Advanced_floating_0,5,1.0,0.0,0.0,79082,0.0,0.0,0.0,0.0,0.0,0.0,1,Advanced,Class12,2026.5,4601178.992,639333,4480.0,1.0,560.0,141.17,296090.488,1625971.343,0.0,343243.0,0.45445716381073,-1.0,1,OffShoreWind_Class12_Advanced_floating_0_5
PJM_EMAC_offshorewind_class12_advanced_floating_1_0,10,1,1,0.0,PJM_EMAC,OffShoreWind_Class12_Advanced_floating_1,0,1.0,0.0,0.0,79082,0.0,0.0,0.0,0.0,0.0,0.0,1,Advanced,Class12,2026.5,4601178.992,405830,1274.0,1.0,159.25,89.149,62587.734,1082222.689,0.0,343243.0,0.4705035090446472,-1.0,1,OffShoreWind_Class12_Advanced_floating_1_0
PJM_EMAC_offshorewind_class12_advanced_floating_1_1,10,1,1,0.0,PJM_EMAC,OffShoreWind_Class12_Advanced_floating_1,1,1.0,0.0,0.0,79082,0.0,0.0,0.0,0.0,0.0,0.0,1,Advanced,Class12,2026.5,4601178.992,405606,1250.0,1.0,156.25,89.105,62363.532,1078345.938,0.0,343243.0,0.4702486991882324,-1.0,1,OffShoreWind_Class12_Advanced_floating_1_1
PJM_EMAC_offshorewind_class12_advanced_floating_1_2,10,1,1,0.0,PJM_EMAC,OffShoreWind_Class12_Advanced_floating_1,2,1.0,0.0,0.0,79082,0.0,0.0,0.0,0.0,0.0,0.0,1,Advanced,Class12,2026.5,4601178.992,405720,2172.0,1.0,271.5,89.396,62477.471,1080316.111,0.0,343243.0,0.4690849184989929,-1.0,1,OffShoreWind_Class12_Advanced_floating_1_2
PJM_EMAC_offshorewind_class12_advanced_floating_1_3,10,1,1,0.0,PJM_EMAC,OffShoreWind_Class12_Advanced_floating_1,3,1.0,0.0,0.0,79082,0.0,0.0,0.0,0.0,0.0,0.0,1,Advanced,Class12,2026.5,4601178.992,404278,280.0,1.0,35.0,89.323,61035.742,1055386.739,0.0,343243.0,0.4661691188812256,-1.0,1,OffShoreWind_Class12_Advanced_floating_1_3
PJM_EMAC_offshorewind_class12_advanced_floating_1_4,10,1,1,0.0,PJM_EMAC,OffShoreWind_Class12_Advanced_floating_1,4,1.0,0.0,0.0,79082,0.0,0.0,0.0,0.0,0.0,0.0,1,Advanced,Class12,2026.5,4601178.992,404903,2130.0,1.0,266.25,89.782,61660.292,1066186.03,0.0,343243.0,0.4662001729011535,-1.0,1,OffShoreWind_Class12_Advanced_floating_1_4
PJM_EMAC_offshorewind_class12_advanced_floating_1_5,10,1,1,0.0,PJM_EMAC,OffShoreWind_Class12_Advanced_floating_1,5,1.0,0.0,0.0,79082,0.0,0.0,0.0,0.0,0.0,0.0,1,Advanced,Class12,2026.5,4601178.992,404698,226.0,1.0,28.25,89.863,61455.194,1062639.55,0.0,343243.0,0.4640000164508819,-1.0,1,OffShoreWind_Class12_Advanced_floating_1_5
PJM_EMAC_landbasedwind_class1_advanced_1,10,1,1,0.0,PJM_EMAC,LandbasedWind_Class1_Advanced_,1,1.0,0.0,0.0,42287,0.0,0.0,0.0,0.0,0.0,0.0,1,Advanced,Class1,2026.5,1095229.563,102447,77.1,1.266,322.0,40.396,8152.564,140968.356,4.062,94295.0,0.4247214794158935,-1.0,1,LandbasedWind_Class1_Advanced__1
PJM_EMAC_landbasedwind_class1_advanced_2,10,1,1,0.0,PJM_EMAC,LandbasedWind_Class1_Advanced_,2,1.0,0.0,0.0,42287,0.0,0.0,0.0,0.0,0.0,0.0,1,Advanced,Class1,2026.5,1095229.563,106545,363.2,1.266,654.5,35.804,12250.489,211826.757,1.959,94295.0,0.4737866222858429,-1.0,1,LandbasedWind_Class1_Advanced__2
PJM_EMAC_landbasedwind_class1_advanced_3,10,1,1,0.0,PJM_EMAC,LandbasedWind_Class1_Advanced_,3,1.0,0.0,0.0,42287,0.0,0.0,0.0,0.0,0.0,0.0,1,Advanced,Class1,2026.5,1095229.563,111303,223.6,1.266,769.75,45.482,17008.244,294094.489,3.854,94295.0,0.3875073492527008,-1.0,1,LandbasedWind_Class1_Advanced__3
PJM_EMAC_landbasedwind_class1_advanced_4,10,1,1,0.0,PJM_EMAC,LandbasedWind_Class1_Advanced_,4,1.0,0.0,0.0,42287,0.0,0.0,0.0,0.0,0.0,0.0,1,Advanced,Class1,2026.5,1095229.563,111895,209.6,1.266,792.75,43.637,17600.52,304335.699,4.13,94295.0,0.4328123331069946,-1.0,1,LandbasedWind_Class1_Advanced__4
PJM_EMAC_landbasedwind_class1_advanced_5,10,1,1,0.0,PJM_EMAC,LandbasedWind_Class1_Advanced_,5,1.0,0.0,0.0,42287,0.0,0.0,0.0,0.0,0.0,0.0,1,Advanced,Class1,2026.5,1095229.563,115105,180.8,1.266,772.25,56.937,20810.461,359839.731,4.407,94295.0,0.3399602770805359,-1.0,1,LandbasedWind_Class1_Advanced__5
PJM_EMAC_landbasedwind_class1_advanced_6,10,1,1,0.0,PJM_EMAC,LandbasedWind_Class1_Advanced_,6,1.0,0.0,0.0,42287,0.0,0.0,0.0,0.0,0.0,0.0,1,Advanced,Class1,2026.5,1095229.563,118583,248.7,1.266,729.5,51.448,24288.812,419984.909,3.11,94295.0,0.3984394371509552,-1.0,1,LandbasedWind_Class1_Advanced__6
PJM_EMAC_utilitypv_class1_advanced_1,10,1,1,0.0,PJM_EMAC,UtilityPV_Class1_Advanced_,1,1.0,0.0,0.0,18151,0.0,0.0,0.0,0.0,0.0,0.0,1,Advanced,Class1,2026.5,940580.397,70935,11275.6,1.038,4363.265,32.606,8634.629,149303.877,15.765,62301.0,0.2439927905797958,-1.0,1,UtilityPV_Class1_Advanced__1
PJM_EMAC_utilitypv_class1_advanced_2,10,1,1,0.0,PJM_EMAC,UtilityPV_Class1_Advanced_,2,1.0,0.0,0.0,18151,0.0,0.0,0.0,0.0,0.0,0.0,1,Advanced,Class1,2026.5,940580.397,71057,13084.7,1.038,3900.566,32.284,8756.1,151404.271,11.742,62301.0,0.2472696006298065,-1.0,1,UtilityPV_Class1_Advanced__2
PJM_EMAC_utilitypv_class1_advanced_3,10,1,1,0.0,PJM_EMAC,UtilityPV_Class1_Advanced_,3,1.0,0.0,0.0,18151,0.0,0.0,0.0,0.0,0.0,0.0,1,Advanced,Class1,2026.5,940580.397,81468,14003.4,1.038,2854.389,36.466,19167.351,331428.226,6.53,62301.0,0.2434664368629455,-1.0,1,UtilityPV_Class1_Advanced__3
PJM_EMAC_utilitypv_class1_advanced_4,10,1,1,0.0,PJM_EMAC,UtilityPV_Class1_Advanced_,4,1.0,0.0,0.0,18151,0.0,0.0,0.0,0.0,0.0,0.0,1,Advanced,Class1,2026.5,940580.397,81730,10367.0,1.038,2572.908,36.171,19429.756,335965.559,8.671,62301.0,0.2470501065254211,-1.0,1,UtilityPV_Class1_Advanced__4
PJM_EMAC_utilitypv_class1_advanced_5,10,1,1,0.0,PJM_EMAC,UtilityPV_Class1_Advanced_,5,1.0,0.0,0.0,18151,0.0,0.0,0.0,0.0,0.0,0.0,1,Advanced,Class1,2026.5,940580.397,89844,16417.3,1.038,3192.032,39.69,27543.881,476269.248,5.967,62301.0,0.2429683953523636,-1.0,1,UtilityPV_Class1_Advanced__5
PJM_EMAC_utilitypv_class1_advanced_6,10,1,1,0.0,PJM_EMAC,UtilityPV_Class1_Advanced_,6,1.0,0.0,0.0,18151,0.0,0.0,0.0,0.0,0.0,0.0,1,Advanced,Class1,2026.5,940580.397,92603,7883.5,1.038,2098.127,39.866,30302.294,523965.759,9.947,62301.0,0.2495335638523101,-1.0,1,UtilityPV_Class1_Advanced__6
PJM_Rest_offshorewind_class3_advanced_fixed_1_0,11,1,1,0.0,PJM_Rest,OffShoreWind_Class3_Advanced_fixed_1,0,1.0,0.0,0.0,95785,0.0,0.0,0.0,0.0,0.0,0.0,1,Advanced,Class3,2026.5,2889578.864,267818,1095.5,1.0,219.105,79.566,52259.398,903632.4,0.0,215559.0,0.443168431520462,-1.0,1,OffShoreWind_Class3_Advanced_fixed_1_0
PJM_Rest_offshorewind_class3_advanced_fixed_1_1,11,1,1,0.0,PJM_Rest,OffShoreWind_Class3_Advanced_fixed_1,1,1.0,0.0,0.0,95785,0.0,0.0,0.0,0.0,0.0,0.0,1,Advanced,Class3,2026.5,2889578.864,275505,574.4,1.0,114.888,79.796,59946.651,1036554.964,0.0,215559.0,0.4509936571121216,-1.0,1,OffShoreWind_Class3_Advanced_fixed_1_1
PJM_Rest_offshorewind_class3_advanced_fixed_1_2,11,1,1,0.0,PJM_Rest,OffShoreWind_Class3_Advanced_fixed_1,2,1.0,0.0,0.0,95785,0.0,0.0,0.0,0.0,0.0,0.0,1,Advanced,Class3,2026.5,2889578.864,275930,942.3,1.0,188.46,80.104,60371.236,1043896.602,0.0,215559.0,0.4497818946838379,-1.0,1,OffShoreWind_Class3_Advanced_fixed_1_2
PJM_Rest_offshorewind_class3_advanced_fixed_1_3,11,1,1,0.0,PJM_Rest,OffShoreWind_Class3_Advanced_fixed_1,3,1.0,0.0,0.0,95785,0.0,0.0,0.0,0.0,0.0,0.0,1,Advanced,Class3,2026.5,2889578.864,267483,604.1,1.0,120.811,80.15,51924.498,897841.601,0.0,215559.0,0.439580887556076,-1.0,1,OffShoreWind_Class3_Advanced_fixed_1_3
PJM_Rest_offshorewind_class3_advanced_fixed_1_4,11,1,1,0.0,PJM_Rest,OffShoreWind_Class3_Advanced_fixed_1,4,1.0,0.0,0.0,95785,0.0,0.0,0.0,0.0,0.0,0.0,1,Advanced,Class3,2026.5,2889578.864,275708,958.7,1.0,191.732,80.503,60149.139,1040056.261,0.0,215559.0,0.4473323225975036,-1.0,1,OffShoreWind_Class3_Advanced_fixed_1_4
PJM_Rest_offshorewind_class3_advanced_fixed_1_5,11,1,1,0.0,PJM_Rest,OffShoreWind_Class3_Advanced_fixed_1,5,1.0,0.0,0.0,95785,0.0,0.0,0.0,0.0,0.0,0.0,1,Advanced,Class3,2026.5,2889578.864,280705,626.7,1.0,125.335,82.044,65146.968,1126475.111,0.0,215559.0,0.4447655081748962,-1.0,1,OffShoreWind_Class3_Advanced_fixed_1_5
PJM_Rest_offshorewind_class3_advanced_fixed_0_0,11,1,1,0.0,PJM_Rest,OffShoreWind_Class3_Advanced_fixed_0,0,1.0,0.0,0.0,95785,0.0,0.0,0.0,0.0,0.0,0.0,1,Advanced,Class3,2026.5,2889578.864,273406,4171.2,1.0,909.0,79.934,57847.056,1000250.273,0.0,215559.0,0.4477553963661194,-1.0,1,OffShoreWind_Class3_Advanced_fixed_0_0
PJM_Rest_offshorewind_class3_advanced_fixed_0_1,11,1,1,0.0,PJM_Rest,OffShoreWind_Class3_Advanced_fixed_0,1,1.0,0.0,0.0,95785,0.0,0.0,0.0,0.0,0.0,0.0,1,Advanced,Class3,2026.5,2889578.864,279958,3662.5,1.0,732.5,79.64,64399.017,1113542.167,0.0,215559.0,0.4573147892951965,-1.0,1,OffShoreWind_Class3_Advanced_fixed_0_1
PJM_Rest_offshorewind_class3_advanced_fixed_0_2,11,1,1,0.0,PJM_Rest,OffShoreWind_Class3_Advanced_fixed_0,2,1.0,0.0,0.0,95785,0.0,0.0,0.0,0.0,0.0,0.0,1,Advanced,Class3,2026.5,2889578.864,277696,6337.7,1.0,1317.5,80.836,62137.488,1074437.373,0.0,215559.0,0.4478195011615753,-1.0,1,OffShoreWind_Class3_Advanced_fixed_0_2
PJM_Rest_offshorewind_class3_advanced_fixed_0_3,11,1,1,0.0,PJM_Rest,OffShoreWind_Class3_Advanced_fixed_0,3,1.0,0.0,0.0,95785,0.0,0.0,0.0,0.0,0.0,0.0,1,Advanced,Class3,2026.5,2889578.864,267043,1409.7,1.0,300.0,80.728,51484.071,890226.024,0.0,215559.0,0.435973584651947,-1.0,1,OffShoreWind_Class3_Advanced_fixed_0_3
PJM_Rest_offshorewind_class3_advanced_fixed_0_4,11,1,1,0.0,PJM_Rest,OffShoreWind_Class3_Advanced_fixed_0,4,1.0,0.0,0.0,95785,0.0,0.0,0.0,0.0,0.0,0.0,1,Advanced,Class3,2026.5,2889578.864,281143,3672.1,1.0,796.25,81.683,65584.607,1134042.474,0.0,215559.0,0.4472104012966156,-1.0,1,OffShoreWind_Class3_Advanced_fixed_0_4
PJM_Rest_offshorewind_class3_advanced_fixed_0_5,11,1,1,0.0,PJM_Rest,OffShoreWind_Class3_Advanced_fixed_0,5,1.0,0.0,0.0,95785,0.0,0.0,0.0,0.0,0.0,0.0,1,Advanced,Class3,2026.5,2889578.864,280088,4068.8,1.0,813.75,82.362,64529.588,1115799.857,0.0,215559.0,0.4423805773258209,-1.0,1,OffShoreWind_Class3_Advanced_fixed_0_5
PJM_Rest_offshorewind_class12_advanced_floating_0_0,11,1,1,0.0,PJM_Rest,OffShoreWind_Class12_Advanced_floating_0,0,1.0,0.0,0.0,79082,0.0,0.0,0.0,0.0,0.0,0.0,1,Advanced,Class12,2026.5,4601178.992,419172,11520.0,1.0,1440.0,95.708,75929.071,1312911.641,0.0,343243.0,0.4628286957740783,-1.0,1,OffShoreWind_Class12_Advanced_floating_0_0
PJM_Rest_offshorewind_class12_advanced_floating_0_1,11,1,1,0.0,PJM_Rest,OffShoreWind_Class12_Advanced_floating_0,1,1.0,0.0,0.0,79082,0.0,0.0,0.0,0.0,0.0,0.0,1,Advanced,Class12,2026.5,4601178.992,417865,3946.0,1.0,493.25,95.816,74622.306,1290315.996,0.0,343243.0,0.4609669744968414,-1.0,1,OffShoreWind_Class12_Advanced_floating_0_1
PJM_Rest_offshorewind_class12_advanced_floating_0_2,11,1,1,0.0,PJM_Rest,OffShoreWind_Class12_Advanced_floating_0,2,1.0,0.0,0.0,79082,0.0,0.0,0.0,0.0,0.0,0.0,1,Advanced,Class12,2026.5,4601178.992,417172,10300.0,1.0,1287.5,96.299,73929.068,1278329.032,0.0,343243.0,0.457949161529541,-1.0,1,OffShoreWind_Class12_Advanced_floating_0_2
PJM_Rest_offshorewind_class12_advanced_floating_0_3,11,1,1,0.0,PJM_Rest,OffShoreWind_Class12_Advanced_floating_0,3,1.0,0.0,0.0,79082,0.0,0.0,0.0,0.0,0.0,0.0,1,Advanced,Class12,2026.5,4601178.992,421748,5164.0,1.0,645.5,96.311,78505.06,1357453.794,0.0,343243.0,0.4624604880809784,-1.0,1,OffShoreWind_Class12_Advanced_floating_0_3
PJM_Rest_offshorewind_class12_advanced_floating_0_4,11,1,1,0.0,PJM_Rest,OffShoreWind_Class12_Advanced_floating_0,4,1.0,0.0,0.0,79082,0.0,0.0,0.0,0.0,0.0,0.0,1,Advanced,Class12,2026.5,4601178.992,416330,8112.2,1.0,1115.0,97.287,73087.991,1263785.716,0.0,343243.0,0.4523347318172455,-1.0,1,OffShoreWind_Class12_Advanced_floating_0_4
PJM_Rest_offshorewind_class12_advanced_floating_0_5,11,1,1,0.0,PJM_Rest,OffShoreWind_Class12_Advanced_floating_0,5,1.0,0.0,0.0,79082,0.0,0.0,0.0,0.0,0.0,0.0,1,Advanced,Class12,2026.5,4601178.992,414832,7176.0,1.0,897.0,96.861,71589.509,1237875.039,0.0,343243.0,0.4529024362564087,-1.0,1,OffShoreWind_Class12_Advanced_floating_0_5
PJM_Rest_landbasedwind_class1_advanced_1,11,1,1,0.0,PJM_Rest,LandbasedWind_Class1_Advanced_,1,1.0,0.0,0.0,42287,0.0,0.0,0.0,0.0,0.0,0.0,1,Advanced,Class1,2026.5,1095229.563,82878,5862.7,0.955,24831.0,35.981,11734.292,202901.056,4.421,71144.0,0.4069057703018188,-1.0,1,LandbasedWind_Class1_Advanced__1
PJM_Rest_landbasedwind_class1_advanced_2,11,1,1,0.0,PJM_Rest,LandbasedWind_Class1_Advanced_,2,1.0,0.0,0.0,42287,0.0,0.0,0.0,0.0,0.0,0.0,1,Advanced,Class1,2026.5,1095229.563,92434,10471.6,0.955,23477.5,33.959,21290.441,368139.206,2.173,71144.0,0.4691947698593139,-1.0,1,LandbasedWind_Class1_Advanced__2
PJM_Rest_landbasedwind_class1_advanced_3,11,1,1,0.0,PJM_Rest,LandbasedWind_Class1_Advanced_,3,1.0,0.0,0.0,42287,0.0,0.0,0.0,0.0,0.0,0.0,1,Advanced,Class1,2026.5,1095229.563,89472,5866.4,0.955,19866.0,42.493,18328.258,316919.235,3.495,71144.0,0.3627494275569916,-1.0,1,LandbasedWind_Class1_Advanced__3
PJM_Rest_landbasedwind_class1_advanced_4,11,1,1,0.0,PJM_Rest,LandbasedWind_Class1_Advanced_,4,1.0,0.0,0.0,42287,0.0,0.0,0.0,0.0,0.0,0.0,1,Advanced,Class1,2026.5,1095229.563,111673,10343.3,0.955,16821.5,41.735,40529.542,700808.075,1.529,71144.0,0.4380225837230682,-1.0,1,LandbasedWind_Class1_Advanced__4
PJM_Rest_landbasedwind_class1_advanced_5,11,1,1,0.0,PJM_Rest,LandbasedWind_Class1_Advanced_,5,1.0,0.0,0.0,42287,0.0,0.0,0.0,0.0,0.0,0.0,1,Advanced,Class1,2026.5,1095229.563,95819,6680.7,0.955,23556.5,56.632,24675.292,426667.638,3.666,71144.0,0.2967261075973511,-1.0,1,LandbasedWind_Class1_Advanced__5
PJM_Rest_landbasedwind_class1_advanced_6,11,1,1,0.0,PJM_Rest,LandbasedWind_Class1_Advanced_,6,1.0,0.0,0.0,42287,0.0,0.0,0.0,0.0,0.0,0.0,1,Advanced,Class1,2026.5,1095229.563,102048,9589.3,0.955,25967.25,48.976,30904.981,534386.997,2.757,71144.0,0.3758119344711303,-1.0,1,LandbasedWind_Class1_Advanced__6
PJM_Rest_utilitypv_class1_advanced_1,11,1,1,0.0,PJM_Rest,UtilityPV_Class1_Advanced_,1,1.0,0.0,0.0,18151,0.0,0.0,0.0,0.0,0.0,0.0,1,Advanced,Class1,2026.5,940580.397,65949,172672.7,0.98,43511.156,30.752,7121.928,123147.323,8.887,58828.0,0.2442745566368103,-1.0,1,UtilityPV_Class1_Advanced__1
PJM_Rest_utilitypv_class1_advanced_2,11,1,1,0.0,PJM_Rest,UtilityPV_Class1_Advanced_,2,1.0,0.0,0.0,18151,0.0,0.0,0.0,0.0,0.0,0.0,1,Advanced,Class1,2026.5,940580.397,67329,237516.1,0.98,48377.269,30.749,8501.285,146998.18,6.682,58828.0,0.251950055360794,-1.0,1,UtilityPV_Class1_Advanced__2
PJM_Rest_utilitypv_class1_advanced_3,11,1,1,0.0,PJM_Rest,UtilityPV_Class1_Advanced_,3,1.0,0.0,0.0,18151,0.0,0.0,0.0,0.0,0.0,0.0,1,Advanced,Class1,2026.5,940580.397,72727,199400.1,0.98,38176.632,33.677,13899.21,240335.279,5.978,58828.0,0.2434653490781784,-1.0,1,UtilityPV_Class1_Advanced__3
PJM_Rest_utilitypv_class1_advanced_4,11,1,1,0.0,PJM_Rest,UtilityPV_Class1_Advanced_,4,1.0,0.0,0.0,18151,0.0,0.0,0.0,0.0,0.0,0.0,1,Advanced,Class1,2026.5,940580.397,74441,210777.7,0.98,37836.032,33.45,15613.026,269969.374,5.533,58828.0,0.2516849935054779,-1.0,1,UtilityPV_Class1_Advanced__4
PJM_Rest_utilitypv_class1_advanced_5,11,1,1,0.0,PJM_Rest,UtilityPV_Class1_Advanced_,5,1.0,0.0,0.0,18151,0.0,0.0,0.0,0.0,0.0,0.0,1,Advanced,Class1,2026.5,940580.397,88699,201119.7,0.98,34028.183,39.835,29871.89,516523.528,4.587,58828.0,0.2433526366949081,-1.0,1,UtilityPV_Class1_Advanced__5
PJM_Rest_utilitypv_class1_advanced_6,11,1,1,0.0,PJM_Rest,UtilityPV_Class1_Advanced_,6,1.0,0.0,0.0,18151,0.0,0.0,0.0,0.0,0.0,0.0,1,Advanced,Class1,2026.5,940580.397,87923,208972.4,0.98,34199.49,38.212,29095.617,503100.767,4.633,58828.0,0.2500938177108764,-1.0,1,UtilityPV_Class1_Advanced__6
